price,address,postal_code,bedrooms,bath,property_type
535000,1411 - 101 ERSKINE AVE, M4P 0C5,1 bed,1 bath,condo
599900,102 - 4 LITCHFIELD CRT, M9V 2A8,4 bed,1 + 1 bath,condo
649000,511 - 7 BISHOP AVE, M2M 4J4,2 + 1 bed,2 bath,condo
1198000,34 Coneflower Cres, M2R 0A4,4 bed,4 bath,townhouse
429000,318 - 121 MCMAHON DR, M2K 0C1,0 bed,1 bath,condo
499900,806 - 83 BOROUGH DR, M1P 5E4,2 + 1 bed,2 bath,condo
469000,314 - 1 LEASIDE PARK DR, M4H 1R1,1 bed,1 bath,condo
935000,2401 - 218 QUEENS QUAY W, M5J 2Y6,2 bed,2 bath,condo
2199880,96 YORKVIEW DR, M8Z 2G2,4 + 1 bed,4 bath,house
799000,2112 - 44 SAINT JOSEPH ST, M4Y 2W4,2 bed,2 bath,condo
737500,2601 - 42 CHARLES ST E, M4Y 0B7,1 + 1 bed,1 bath,condo
599000,2104 - 5 SAINT JOSEPH ST, M4Y 0B6,1 + 1 bed,1 bath,condo
998000,323 - 99 THE DONWAY W, M3C 0N8,2 + 1 bed,2 bath,condo
629900,303 - 231 FORT YORK BLVD, M5V 1B2,1 + 1 bed,1 bath,condo
748800,129 Rusty Crest Way, M2J 2Y4,3 + 1 bed,2 bath,condo
850000,1610 - 330 RICHMOND ST W, M5V 1X2,2 bed,2 bath,condo
799900,471 BRIMORTON DR, M1H 2E7,4 bed,2 bath,house
455000,505 - 127 QUEEN ST E, M5C 1S3,1 bed,1 bath,condo
869000,679 - 209 FORT YORK BLVD, M5V 4A1,2 + 1 bed,2 bath,condo
699000,3 Corner Lane, M1K 5M6,3 bed,2 bath,townhouse
1879000,2201 - 65 HARBOUR SQ, M5J 2L4,2 + 1 bed,2 bath,condo
849990,3406 - 70 FOREST MANOR RD, M2J 0A9,2 bed,2 bath,condo
649000,909 - 125 WESTERN BATTERY RD, M6K 3R8,1 + 1 bed,2 bath,condo
749000,608 - 1 SCOTT ST, M5E 1A1,1 + 1 bed,1 bath,condo
1678800,51A Burnaby Blvd, M5N 1G3,3 bed,3 bath,townhouse
1248000,36 LESSARD AVE, M6S 1X5,3 bed,2 bath,house
769900,2 O'HARA PL, M6K 1M8,1 + 2 bed,2 bath,house
990000,31 LONGBOW SQ, M1W 2W6,4 + 2 bed,4 bath,house
899000,9 Southport St, M6S 4W7,3 bed,3 bath,townhouse
1198000,69 Lobo Mews, M8Z 0B2,3 + 1 bed,3 bath,townhouse
499999,407 - 36 PARK LAWN RD, M8V 0E5,1 bed,1 bath,condo
859995,1018 - 20 RICHARDSON ST, M5A 0S6,2 bed,2 bath,house
3895000,8 NEVILLE PARK BLVD, M4E 3P6,4 + 1 bed,4 bath,house
639000,216 - 369 SORAUREN AVE, M6R 3C2,1 bed,1 bath,condo
989000,60 ECCLESFIELD DR, M1W 3J6,3 + 2 bed,4 bath,house
500000,502 - 3865 LAKE SHORE BLVD W, M8W 0A2,1 bed,1 bath,condo
658000,1805 - 100 HARRISON GARDEN BLVD, M2N 0C2,1 + 1 bed,1 bath,condo
689900,1207 - 2121 LAKE SHORE BLVD W, M8V 4E9,2 bed,2 bath,condo
689900,2005 - 110 CHARLES ST E, M4Y 1T5,1 bed,1 bath,condo
528000,2805 - 33 SHORE BREEZE DR, M8V 0G1,1 bed,1 bath,condo
739900,15 BURRARD RD, M9W 3T1,3 bed,2 bath,house
1799000,827 OSSINGTON AVE, M6G 3V2,5 + 1 bed,3 bath,house
988000,#PH121 -460 ADELAIDE ST E, M5A 0E7,2 bed,2 bath,condo
599900,139 - 124 DUSAY PL, M1W 2N2,5 bed,3 bath,townhouse
389900,318 - 180 MARKHAM RD, M1M 2Z9,2 bed,2 bath,condo
799000,2002 - 85 WOOD ST, M4Y 0E8,2 bed,1 bath,condo
699990,33 CORONADO CRT, M9M 1S6,4 bed,2 bath,house
2100000,467 SOUDAN AVE, M4S 1X1,4 bed,4 bath,house
799900,24 CORNELL AVE, M1N 2Y2,2 bed,1 bath,house
1399000,20 STONEMANSE CRT, M1G 3V3,5 bed,4 bath,house
688000,3101 - 8 PARK RD, M4W 3S5,2 bed,2 bath,condo
899900,229 - 510 KING ST E, M5A 0E5,2 + 1 bed,2 bath,condo
1399000,89 4 ST, M8V 2Y4,4 bed,4 bath,house
1889000,378 THE KINGSWAY, M9A 3V6,4 bed,3 bath,house
1099000,81 A SHAVER AVE N, M9B 4N6,4 bed,2 bath,house
888000,80 VIRGINIA AVE, M4C 2S9,3 bed,3 bath,house
579000,3607 - 19 GRAND TRUNK CRES, M5J 3A3,2 bed,1 bath,condo
1399000,560 DAVISVILLE AVE, M4S 1J5,4 bed,2 bath,house
499900,708 - 50 CAMDEN ST, M5V 3N1,1 bed,1 bath,condo
3899000,323 CORTLEIGH BLVD, M5N 1R2,5 bed,5 bath,house
644900,#PH 05 -210 VICTORIA ST, M5B 2R3,1 bed,1 bath,condo
550000,1710 - 117 MCMAHON DR, M2K 0E4,2 bed,1 bath,condo
1299000,123 GORMAN PARK RD, M3H 3L1,6 bed,2 bath,house
875000,1408 - 5 KENNETH AVE, M2N 6M7,3 bed,2 bath,condo
625000,3110 - 42 CHARLES ST E, M4Y 0B7,1 bed,1 bath,condo
629000,906 - 35 HAYDEN ST, M4Y 3C3,1 bed,1 bath,condo
589000,506 - 1 COLE ST, M5A 4M2,2 bed,1 bath,condo
599900,202 - 20 BRUYERES MEWS, M5V 0G8,2 bed,2 bath,condo
718888,205 - 260 DORIS AVE, M2N 6X9,2 bed,2 bath,condo
2195000,76 DELL PARK AVE, M6B 2T8,7 bed,6 bath,house
1199000,66 MORNINGSIDE AVE, M1E 3C2,4 bed,4 bath,house
1398000,88 DUMONT ST, M2M 4K1,2 + 2 bed,2 bath,house
1680000,2901 - 199 RICHMOND ST W, M5V 0H4,3 bed,2 bath,condo
849900,114 SENTINEL RD, M3J 1S9,6 bed,3 bath,house
699000,306 - 500 SHERBOURNE ST, M4X 1L1,2 bed,1 bath,condo
1498800,127 CACTUS AVE, M2R 2V1,5 bed,4 bath,house
630000,1606 - 38 GRENVILLE ST, M4Y 1A5,1 bed,1 bath,condo
498888,2J - 8 ROSEBANK DR, M1B 5Z3,2 bed,1 bath,condo
739000,703 - 8 WELLESLEY ST E, M4Y 3B2,1 + 1 bed,1 bath,condo
699000,54 CHAD CRES, M1B 2Z6,4 bed,3 bath,house
1250000,43 FLERIMAC RD, M1E 4B1,3 + 2 bed,3 bath,house
739900,114 - 60 SOUTHPORT ST, M6S 3N4,3 bed,2 bath,condo
688888,525 - 1185 THE QUEENSWAY, M8Z 0C6,3 bed,2 bath,condo
899000,112 PENDRITH ST, M6G 1R7,3 bed,2 bath,house
619900,401 - 36 HOWARD PARK AVE, M6R 0A5,2 bed,1 bath,condo
499900,510 - 1 COLE ST, M5A 4M2,2 bed,2 bath,condo
1980000,99 SUSSEX AVE, M5S 1K4,5 bed,4 bath,house
1059900,901 - 38 STEWART ST, M5V 0H1,2 bed,2 bath,condo
1890000,150 CRANBROOKE AVE, M5M 1M5,5 bed,3 bath,house
979000,50 HOLLAND AVE, M4B 2C6,4 bed,3 bath,house
415000,1058 - 209 FORT YORK BLVD, M5V 4A1,0 bed,1 bath,condo
880000,12 KILLAMARSH DR, M3J 1J3,3 + 2 bed,2 bath,house
549900,647 - 525 WILSON AVE, M3H 0A7,2 bed,1 bath,condo
1050000,44 Furrow Lane, M8Z 0A3,3 + 1 bed,3 bath,townhouse
649900,6 - 1636 DUNDAS ST W, M6K 1V1,2 bed,1 bath,condo
674900,602 - 81 NAVY WHARF CRT, M5V 3S2,2 bed,1 bath,condo
499900,903 - 155 BEECROFT RD, M2N 7C6,1 bed,1 bath,condo
898888,103 - 90 SHERBOURNE ST, M5A 2R1,2 bed,1 bath,condo
668800,215 - 24 WELLESLEY ST W, M4Y 2X6,2 bed,2 bath,condo
1099900,203 PANNAHILL RD, M3H 4N9,3 + 1 bed,2 bath,house
599000,2 ROCKVALE AVE, M6E 3A9,3 + 1 bed,2 bath,house
649900,15 - 10 CARNATION AVE, M8V 0B8,2 bed,3 bath,townhouse
818888,90 DELLBROOK CRES, M9L 1E2,3 bed,2 bath,house
889000,180 GOOCH AVE, M6S 4M1,3 bed,2 bath,house
729900,603 - 783 BATHURST ST, M5S 0A8,2 bed,1 bath,condo
499900,1416 - 5 VICORA LINKWAY, M3C 1A6,3 bed,2 bath,condo
947000,1603 - 100 QUEBEC AVE, M6P 4B8,2 bed,2 bath,condo
670000,627 - 461 ADELAIDE ST W, M5V 0L6,1 + 1 bed,1 bath,condo
25000,20 - 700 HUMBERWOOD BLVD, M9W 7J4,N/A bed,N/A bath,house
608000,#PH06 -30 HERON'S HILL WAY, M2J 0A7,2 bed,2 bath,condo
2499000,165 GLENVALE BLVD, M4G 2W4,4 + 1 bed,6 bath,house
649000,626 - 525 WILSON AVE, M3H 0A7,1 + 1 bed,2 bath,condo
999000,30 ALTON AVE, M4L 2M2,3 + 1 bed,2 bath,house
669000,14 - 5 FOUR WINDS DR, M3J 1K7,4 + 2 bed,4 bath,condo
1439000,74 O'hara Ave, M6K 2R2,3 + 1 bed,4 bath,townhouse
629000,601 - 452 SCARBOROUGH GOLF CLUB RD, M1G 1H1,2 + 1 bed,2 bath,condo
635000,2403 - 100 ANTIBES DR, M2R 3N1,3 bed,2 bath,condo
1099000,13 - 1000 KING ST W, M6K 3N1,2 bed,2 bath,condo
599900,68 - 70 CROCKAMHILL DR, M1S 3H1,4 bed,3 bath,townhouse
695000,916 - 155 DALHOUSIE ST, M5B 2P7,1 bed,1 bath,condo
399000,3102 - 1 KING ST W, M5H 1A1,1 bed,1 bath,condo
579000,501 - 56 FOREST MANOR RD, M2J 0E5,2 bed,2 bath,condo
669900,203 - 51 EAST LIBERTY ST, M6K 3P8,1 + 1 bed,2 bath,condo
1598000,395 DURIE ST, M6S 3G5,3 bed,2 bath,house
899000,54 DAIRY DR, M1L 0G2,3 bed,3 bath,house
499900,L01 - 201 CARLAW AVE, M4M 2S3,1 bed,1 bath,condo
758000,2119 - 35 HOLLYWOOD AVE, M2N 0A9,3 bed,2 bath,condo
592490,305 - 65 EAST LIBERTY ST, M6K 3R2,1 bed,1 bath,condo
669900,309 - 16 MCADAM AVE, M6A 0B9,2 bed,2 bath,condo
490000,646 - 525 WILSON AVE, M3H 0A7,1 bed,1 bath,condo
1029000,63 GAINSBOROUGH RD, M4L 3C1,3 bed,2 bath,house
498000,913 - 105 THE QUEENSWAY, M6S 5B5,1 bed,1 bath,condo
799000,304 BROCK AVE, M6K 2M4,5 bed,2 bath,townhouse
749000,1202 - 832 BAY ST, M5S 1Z6,2 bed,2 bath,condo
549900,252 - 3 EVERSON DR, M2N 7C2,2 bed,1 bath,townhouse
629000,2611 - 5168 YONGE ST, M2N 0G1,1 bed,1 bath,condo
695000,406 - 60 MONTCLAIR AVE, M5P 1P7,3 bed,1 bath,condo
899000,793 WOODBINE AVE, M4E 2J5,3 bed,2 bath,house
1098000,1 B ARDELL AVE, M1L 1K7,6 bed,4 bath,house
2980000,31 BEARWOOD DR, M9A 4G5,5 bed,6 bath,house
499000,103 - 2050 BRIDLETOWNE CIR, M1W 2V5,3 bed,2 bath,condo
1050000,209 CHATHAM AVE, M4J 1K8,3 + 1 bed,3 bath,house
599900,11 - 153 ISAAC DEVINS BLVD, M9M 0C5,2 bed,1 bath,condo
998900,506 - 170 BAYVIEW AVE, M5A 0M4,2 bed,2 bath,condo
799000,28 MUIRLANDS DR, M1V 2B4,3 + 1 bed,3 bath,house
678800,604 - 569 KING ST E, M5A 1M5,2 bed,1 bath,condo
999000,363 MOUNT PLEASANT RD, M4T 2C7,2 + 1 bed,2 bath,house
779000,203 - 311 RICHMOND ST E, M5A 4S8,3 bed,2 bath,condo
898800,722 - 23 GLEBE RD W, M5P 0A1,2 bed,2 bath,condo
630000,3104 - 2 ANNDALE DR, M2N 0G5,1 bed,1 bath,condo
759000,703 - 33 CHARLES ST E, M4Y 0A2,1 bed,1 bath,condo
499000,304 - 60 FAIRFAX CRES, M1L 0E1,3 bed,2 bath,condo
705000,601 - 42 CHARLES ST E, M4Y 0B7,1 + 1 bed,1 bath,condo
709900,609 - 15 MERCHANTS WHARF, M5A 0N8,1 + 1 bed,1 bath,condo
575000,938 - 155 DALHOUSIE ST, M5B 2P7,1 bed,1 bath,condo
579000,504 - 40 SCOLLARD ST, M5R 3S1,3 bed,1 bath,condo
519900,915 - 75 BAMBURGH CIR, M1W 3W1,2 bed,2 bath,condo
699999,2523 - 633 BAY ST, M5G 2G4,2 bed,2 bath,condo
699000,1854 - 25 VIKING LANE, M9B 0A1,3 bed,2 bath,condo
599900,310 - 2230 LAKE SHORE BLVD W, M8V 0B2,2 bed,1 bath,condo
998000,108 - 15 MCMURRICH ST, M5R 3M6,2 bed,3 bath,condo
1245000,78 ROSEHEATH AVE, M4C 3P5,4 bed,2 bath,house
769000,1209 - 35 EMPRESS AVE, M2N 6T3,2 bed,2 bath,condo
588000,1102 - 15 ICEBOAT TERR, M5V 4A5,1 + 1 bed,1 bath,condo
1199000,272 BOSTON AVE, M4M 2V3,3 bed,3 bath,house
3198000,41 A ORIOLE RD, M4V 2E6,4 bed,5 bath,house
4888000,90 BURNDALE AVE, M2N 1S7,3 bed,4 bath,house
1299000,2A - 317 LONSDALE RD, M4V 1X3,2 bed,2 bath,condo
2599999,46 RAVENSCREST DR, M9B 5M7,5 bed,5 bath,house
724900,2 - 21 CONEFLOWER CRES, M2R 0A5,3 bed,3 bath,townhouse
1950000,251 LAKE SHORE DR, M8V 2A7,2 bed,2 bath,house
399000,1104 - 1600 KEELE ST, M6N 5J1,1 bed,1 bath,condo
1349900,184 CORNELIUS PKY, M6L 2K9,3 bed,2 bath,house
549000,303 - 70 QUEENS WHARF RD, M5V 0J2,1 bed,1 bath,condo
394900,1911 - 5 MASSEY SQ, M4C 5L6,2 bed,1 bath,condo
3339000,2701 - 33 UNIVERSITY AVE, M5J 2S7,2 + 1 bed,3 bath,condo
1099000,21 A ALGOMA ST, M8Y 1C2,4 bed,3 bath,house
688000,922 - 8 TRENT AVE, M4C 0A6,2 + 1 bed,2 bath,condo
729000,302 - 399 ADELAIDE ST W, M5V 1S1,1 + 1 bed,1 bath,condo
999000,212 BROOKSIDE DR, M4E 2M6,3 bed,2 bath,house
649000,725 - 628 FLEET ST, M5V 1A8,1 + 1 bed,1 bath,condo
679000,2315 Bridletowne Circ, M1W 2L3,3 bed,2 bath,townhouse
668800,2605 - 70 DISTILLERY LANE, M5A 0E3,1 bed,1 bath,condo
529000,1516E - 36 LISGAR ST, M6J 0C7,2 bed,1 bath,condo
548000,4002 - 20 SHORE BREEZE DR, M8V 0C7,2 bed,1 bath,condo
459999,104 - 5225 FINCH AVE E, M1S 5W8,2 bed,2 bath,condo
2399000,218 RUSHOLME RD, M6H 2Y8,7 bed,4 bath,house
729900,104 - 78 ST PATRICK ST, M5T 3K8,2 bed,1 bath,townhouse
899999,1015 - 85 EAST LIBERTY ST, M6K 3R4,3 bed,2 bath,condo
579900,2206 - 10 NORTHTOWN WAY, M2N 7L4,2 bed,1 bath,condo
1347000,793 WINDERMERE AVE, M6S 3M5,3 bed,2 bath,house
785888,2206 - 1 SCOTT ST, M5E 1A1,2 bed,1 bath,condo
1199000,38 DINGWALL AVE, M4J 1C3,4 bed,3 bath,house
480000,107 - 330 MCCOWAN RD, M1J 3N3,3 bed,2 bath,condo
399000,2004 - 100 ECHO PT, M1W 2V2,3 bed,2 bath,condo
729000,4 - 108 CALEDONIA PARK RD, M6H 0B1,3 bed,2 bath,townhouse
1379000,64 STEPHEN DR, M8Y 3M9,4 + 1 bed,3 bath,house
698000,311 NAIRN AVE, M6E 4H9,3 bed,1 bath,house
569000,337 - 58 MARINE PARADE DR, M8V 4G1,1 bed,1 bath,condo
968800,2109 - 1 BLOOR ST E, M4W 0A8,2 bed,2 bath,condo
799000,395 THE WESTWAY, M9R 1H3,3 bed,2 bath,townhouse
4695000,501 RUSSELL HILL RD, M5P 2T1,6 bed,7 bath,house
3749000,2 INDIAN GROVE, M6R 2Y2,5 bed,4 bath,house
2498000,30 ROCKINGHAM DR, M9A 1P4,4 + 1 bed,4 bath,house
2599000,134 RIVERDALE AVE, M4K 1C3,5 bed,4 bath,house
1339000,38 SUNNYCREST RD, M2R 2T4,6 bed,3 bath,house
679900,703 - 2 FIELDWAY RD, M8Z 0B9,2 bed,2 bath,condo
2180000,3511 - 55 HARBOUR SQ, M5J 2L1,3 bed,3 bath,condo
749900,519 - 10 BLOORVIEW PL, M2J 0B1,3 bed,2 bath,condo
1595000,3606 - 311 BAY ST, M5H 4G5,2 bed,2 bath,condo
499800,1512 - 350 ALTON TOWERS CIR, M1V 5E3,2 bed,2 bath,condo
999900,50 PAULART DR, M9B 3V7,3 bed,2 bath,house
699000,703 - 101 CHARLES ST E, M4Y 0A9,2 bed,1 bath,condo
679000,616 - 245 DAVISVILLE AVE, M4S 3H4,2 bed,1 bath,condo
729000,17 - 100 HARRISON GARDEN BLVD, M2N 0C2,2 bed,2 bath,condo
499900,38 HILLDALE RD, M6N 3Y2,1 bed,1 bath,house
791888,51 SUNDIAL CRES, M4A 2J7,4 bed,3 bath,house
2500000,100 SOUTH KINGSWAY, M6S 3T3,5 bed,4 bath,house
399000,1806 - 30 GLOUCESTER ST, M4Y 1L6,1 bed,1 bath,condo
998000,5 MOORECROFT CRES, M1K 3T9,4 bed,3 bath,house
1498000,32 BADGER DR, M8Z 2M9,4 bed,3 bath,house
509000,304 - 15 LA ROSE AVE, M9P 1A7,3 bed,2 bath,condo
998000,1142 GERRARD ST E, M4L 1Y2,4 bed,3 bath,house
799000,55 DELANEY CRES, M6K 1P9,4 bed,2 bath,house
1295000,291 HORSHAM AVE, M2R 1G5,3 bed,2 bath,house
379000,2903 - 5 MASSEY SQ, M4C 5L6,1 bed,1 bath,condo
618000,604 - 185 ROEHAMPTON AVE, M4P 0C6,2 bed,1 bath,condo
675000,1403 - 15 GRENVILLE ST, M4Y 0B9,1 bed,1 bath,condo
1975900,105 - 39 QUEENS QUAY E, M5E 0A5,3 bed,3 bath,townhouse
599900,206 - 1205 QUEEN ST W, M6K 0B9,2 bed,1 bath,condo
999988,429 RIMILTON AVE, M8W 2G6,3 bed,3 bath,house
689900,3002 - 15 ICEBOAT TERR, M5V 4A5,1 + 1 bed,1 bath,condo
2199999,302 - 4 THE KINGSWAY, M8X 2T1,2 bed,3 bath,condo
499000,1610 - 21 MARKBROOK LANE, M9V 5E4,3 bed,2 bath,condo
1088000,601 - 3 MARKET ST, M5E 0A3,2 bed,2 bath,condo
649000,2404 - 50 FOREST MANOR RD, M2J 0E3,1 + 1 bed,2 bath,condo
850000,192 CALEDONIA RD, M6E 4S7,3 bed,3 bath,house
1399999,97 BERTMOUNT AVE, M4M 2X8,4 bed,2 bath,house
1175000,110 - 75 YORK MILLS RD, M2P 2E7,2 bed,2 bath,condo
1629000,670 GREENWOOD AVE, M4J 4B5,5 bed,5 bath,house
448000,1601 - 300 ALTON TOWERS CIR, M1V 4X9,2 bed,2 bath,condo
3449000,148 SHELDRAKE BLVD, M4P 2B5,5 bed,5 bath,house
3500000,1302 - 552 WELLINGTON ST W, M5V 2V5,3 bed,3 bath,condo
1198900,716 - 90 SUMACH ST, M5A 4R4,1 bed,2 bath,condo
479999,307 - 45 SILVER SPRINGS BLVD, M1V 1R2,2 + 1 bed,2 bath,condo
1689900,319 WESTMORELAND AVE, M6H 3A4,3 bed,3 bath,townhouse
499000,2005 - 1 LEE CENTRE DR, M1H 3J2,2 bed,2 bath,condo
599900,413 - 629 KING ST W, M5V 0G9,1 bed,1 bath,condo
1199000,237 WESTMOUNT AVE, M6E 3M9,3 bed,4 bath,house
1380000,93 HOUNSLOW AVE, M2N 2B1,4 bed,2 bath,house
1099000,10 FOUR OAKS GATE, M4J 2X2,4 bed,3 bath,house
699900,109 - 5168 YONGE ST, M2N 0G1,1 + 1 bed,1 bath,condo
699000,723 - 295 ADELAIDE ST W, M5V 0L4,2 bed,1 bath,condo
1499000,25 Bishop St, M5R 1N3,3 + 2 bed,2 bath,townhouse
1560700,#PH 1407 -629 KING ST W, M5V 0G9,2 bed,2 bath,condo
579000,817 - 5 PARKWAY FOREST DR, M2J 1L2,3 bed,2 bath,condo
748800,3007 - 1 YORKVILLE AVE, M4W 0B1,2 bed,1 bath,condo
938800,82 RIVERHEAD DR, M9W 4G7,3 bed,2 bath,house
645000,303 - 246 LOGAN AVE, M4M 0E9,1 bed,1 bath,condo
599999,405 - 2230 LAKE SHORE BLVD W, M8V 0B2,2 bed,1 bath,condo
489900,1909 - 85 EMMETT AVE, M6M 5A2,2 + 1 bed,2 bath,condo
799900,1304 - 438 KING ST W, M5V 3T9,2 bed,2 bath,condo
949000,577 - 209 FORT YORK BLVD, M5V 4A1,3 bed,2 bath,condo
1838000,23 GLENAVY AVE, M4P 2T5,4 bed,3 bath,house
800000,302 - 1733 QUEEN ST E, M4L 6S9,3 bed,2 bath,condo
699900,1005 - 35 BALES AVE, M2N 7L7,2 bed,1 bath,condo
1588000,73 CENTRE AVE, M2M 2L4,3 + 1 bed,3 bath,house
1399000,28 CONWAY AVE, M6E 1H2,5 bed,2 bath,house
1499900,102 - 223 ST CLAIR AVE W, M4V 0A5,3 bed,3 bath,townhouse
1049000,246 ONTARIO ST, M5A 2V5,2 bed,1 bath,house
1598000,107 BURNCREST DR, M5M 2Z6,5 bed,5 bath,house
1199000,46 INGHAM AVE, M4K 2W7,3 bed,2 bath,house
489900,2810 - 1 SCOTT ST, M5E 1A1,0 bed,1 bath,condo
1499000,29 SIMPSON AVE, M4K 1A1,7 + 1 bed,4 bath,house
1288000,1401 - 33 ELMHURST AVE, M2N 6G8,2 bed,2 bath,condo
3149000,166 HAMMERSMITH AVE, M4E 2W8,5 bed,4 bath,house
4499000,54 NORTH DR, M9A 4P9,3 + 1 bed,3 bath,house
2788000,10 BERNICE AVE, M8Y 1Z6,4 + 3 bed,5 bath,house
2895000,145 DUNBLAINE AVE, M5M 2S4,5 bed,5 bath,house
1349000,1306 - 110 BLOOR ST W, M5S 2W7,2 bed,2 bath,condo
431000,2098 - 100 MORNELLE CRT, M1E 4X2,3 bed,2 bath,townhouse
888888,30 DEMPSTER ST, M1T 2T4,5 bed,2 bath,house
465000,1309 - 255 VILLAGE GREEN SQ, M1S 0L7,1 bed,1 bath,condo
399900,51 - 2088 MARTIN GROVE RD, M9V 3T3,3 bed,2 bath,townhouse
599000,717 - 35 BASTION ST, M5V 0C2,2 bed,2 bath,condo
510000,103 - 62 SIDNEY BELSEY CRES, M6M 5J3,3 bed,2 bath,townhouse
728000,5 INNISWOOD DR, M1R 1E3,3 + 2 bed,2 bath,house
1095000,242 Milan St, M5A 3Z6,3 bed,2 bath,townhouse
2498000,17 HILL GARDEN RD, M9P 1X8,5 bed,5 bath,house
1399999,2621 - 15 NORTHTOWN WAY, M2N 7A2,4 bed,3 bath,condo
949000,345 Royal York Rd, M8Y 2P8,3 bed,3 bath,townhouse
619000,2205 - 21 ICEBOAT TERR, M5V 4A9,1 + 1 bed,1 bath,condo
579999,513 - 200 SACKVILLE ST, M5A 0C4,1 bed,1 bath,condo
1469000,56 ENFIELD AVE, M8W 1T8,4 bed,3 bath,house
1499999,123 SORAUREN AVE, M6R 2E3,4 bed,2 bath,house
899000,943 PAPE AVE, M4K 3V4,3 bed,2 bath,house
599000,3707 - 88 HARBOUR ST, M5J 0C3,2 bed,1 bath,condo
599900,1008 - 319 CARLAW AVE, M4M 0A4,1 bed,1 bath,condo
888800,2 JUDHAVEN RD, M9V 2P2,6 bed,2 bath,house
599800,34 - 401 SEWELLS RD, M1B 5K6,4 bed,3 bath,townhouse
799000,1305 - 21 CARLTON ST, M5B 1L3,2 bed,2 bath,condo
929900,11 DEEP DENE DR, M1C 1L6,3 bed,2 bath,house
879900,47 ROXALINE ST, M9P 2Z1,4 bed,2 bath,house
639900,309 - 38 DAN LECKIE WAY, M5V 2V6,2 bed,1 bath,condo
499000,16 - 28 REXDALE BLVD, M9W 5Z3,3 bed,2 bath,condo
799000,2706 - 27 SUDBURY ST, M6J 3W6,2 bed,1 bath,townhouse
998900,285 PARLIAMENT ST, M5A 2Z6,5 bed,2 bath,house
519000,812 - 78 TECUMSETH ST, M5V 0A9,1 bed,1 bath,condo
499900,1205 - 5740 YONGE ST, M2M 0B1,1 + 1 bed,1 bath,condo
675000,4711 - 14 YORK ST, M5J 0B1,1 bed,1 bath,condo
1325000,3 - 33 MASSEY ST, M6J 3W4,3 bed,3 bath,townhouse
579999,209 - 560 FRONT ST W, M5V 1C1,1 bed,1 bath,condo
669000,202 - 88 COLGATE AVE, M4M 0A6,1 bed,1 bath,condo
459000,1020 - 15 JAMES FINLAY WAY, M3M 0B3,1 bed,1 bath,condo
438000,1218 - 2885 BAYVIEW AVE, M2K 0A3,0 bed,1 bath,condo
550000,801 - 8 SCOLLARD ST, M5R 1M2,1 bed,1 bath,condo
799900,411 - 208 QUEENS QUAY W, M5J 2Y5,2 + 1 bed,2 bath,condo
669900,2410 - 120 HOMEWOOD AVE, M4Y 2J3,2 bed,1 bath,condo
880000,1805 - 50 CHARLES ST E, M4Y 0C3,2 bed,1 bath,condo
539999,314 - 555 YONGE ST, M4Y 3A6,2 bed,1 bath,condo
638000,613 - 18 KENASTON GDNS, M2K 3C7,1 + 1 bed,2 bath,condo
1599900,4601 - 5 SAINT JOSEPH ST, M4Y 0B6,2 + 1 bed,3 bath,condo
620000,616 - 7 KING ST E, M5C 3C5,1 bed,1 bath,condo
399900,808 - 1600 KEELE ST, M6N 5J1,1 bed,1 bath,condo
629900,402 - 231 FORT YORK BLVD, M5V 1B2,2 bed,1 bath,condo
2350000,47 EALING DR, M2L 2R4,5 bed,4 bath,house
578800,#UPH5 -2200 LAKESHORE BLVD W, M8V 1A4,1 bed,1 bath,condo
759000,2908 - 30 MEADOWGLEN PL, M1G 0A6,3 bed,2 bath,condo
874900,525 KENNEDY RD, M1K 2B1,4 bed,2 bath,house
480000,1409 - 33 SHEPPARD AVE E, M2N 7K1,0 bed,1 bath,condo
649000,124 - 35 BASTION ST, M5V 0C2,2 bed,1 bath,condo
449000,808 - 3231 EGLINTON AVE E, M1J 3N5,3 bed,2 bath,condo
490000,201 - 51 LADY BANK RD, M8Z 0C9,1 bed,1 bath,condo
549000,1413 - 69 LYNN WILLIAMS ST, M6K 3R7,1 bed,1 bath,condo
545000,212 - 8 TRENT AVE, M4C 0A6,2 bed,1 bath,condo
2348800,387 WINNETT AVE, M6C 3M2,3 bed,5 bath,house
699000,12 PINEHILL CRES, M6M 2B6,5 bed,3 bath,house
1450000,35 CLAREVILLE CRES, M2J 2B9,5 + 1 bed,2 bath,house
1188000,22 SANDFORD AVE, M4L 2E7,4 bed,2 bath,house
409800,403 - 70 TOWN CENTRE CRT, M1P 0B2,0 bed,1 bath,condo
645000,2607 - 85 WOOD ST, M4Y 0E8,2 bed,1 bath,condo
599900,20 - 2 HEDGE END RD, M1B 5Z8,3 bed,3 bath,townhouse
525000,606 - 1 LEE CENTRE DR, M1H 3J2,2 bed,2 bath,condo
329900,107 - 915 MIDLAND AVE, M1K 4G1,1 bed,1 bath,condo
700000,235 - 1910 ST CLAIR AVE W, M6N 1K1,3 bed,2 bath,townhouse
728800,1006 - 27 BATHURST ST, M5V 0R1,2 bed,2 bath,condo
699800,90 STAGECOACH CIRC, M1C 0A1,3 bed,4 bath,townhouse
999998,22 SUMMERGLADE DR, M1S 1W7,6 bed,4 bath,house
599900,107 - 270 TIMBERBANK BLVD, M1W 2M1,4 bed,3 bath,townhouse
1205000,4 PONY FARM DR, M9R 4A6,3 bed,3 bath,townhouse
549900,509 - 2088 LAWRENCE AVE W, M9N 3Z9,3 bed,2 bath,condo
2488000,43 WEDGEWOOD DR, M2M 2H4,5 bed,6 bath,house
632500,1207 - 15 WINDERMERE AVE, M6S 5A2,2 bed,2 bath,condo
659900,1904 - 830 LAWRENCE AVE W, M6A 0B6,2 bed,2 bath,condo
550000,43 - 28 SEBASTIAN CABOTWAY, M3N 2T3,4 bed,3 bath,townhouse
999000,164 MORRISON AVE, M6E 1M7,3 bed,2 bath,house
499900,905 - 19 SINGER CRT, M2K 0B2,2 bed,1 bath,condo
689000,2126 - 165 LEGION RD N, M8Y 0B3,2 bed,2 bath,condo
1399999,88 MACLEAN AVE, M4E 3A2,4 bed,3 bath,house
499000,1601 - 28 LINDEN ST, M4Y 0A4,1 bed,1 bath,condo
579900,535 - 60 HOMEWOOD AVE, M4Y 2X4,2 bed,1 bath,condo
1299999,4 ROYDAWN CRT, M1C 3C6,7 bed,4 bath,house
1299000,24 Granby St, M5B 2J5,2 + 1 bed,3 bath,condo
699000,729 - 55 STEWART ST, M5V 2V1,2 bed,1 bath,condo
668000,2702 - 70 TEMPERANCE ST, M5H 0B1,2 bed,1 bath,condo
898000,3018 - 30 SHORE BREEZE DR, M8V 0J1,2 bed,2 bath,condo
498800,215 - 55 ANN O'REILLY RD, M2J 0E1,2 bed,1 bath,condo
679000,2506 - 18 HARBOUR ST, M5J 2Z6,2 bed,1 bath,condo
1249999,36 KINGSVIEW BLVD, M9R 1T8,4 bed,2 bath,house
579000,825 - 21 ICEBOAT TERR, M5V 4A9,1 + 1 bed,1 bath,condo
785000,53 FALSTAFF AVE, M6L 2E2,3 + 1 bed,2 bath,house
705000,1011 - 45 CHARLES ST E, M4Y 0B8,1 + 1 bed,2 bath,condo
495000,420 - 181 VILLAGE GREEN SQ, M1S 0K6,2 bed,1 bath,condo
785000,1908 - 65 ST MARY ST, M5S 0A6,1 + 1 bed,1 bath,condo
979000,502 - 205 FREDERICK ST, M5A 4V3,2 bed,2 bath,condo
559000,605 - 188 DORIS AVE, M2N 6Z5,1 bed,2 bath,condo
610000,412 - 410 QUEENS QUAY W, M5V 3T1,1 bed,1 bath,condo
799000,360A DUNDAS ST E, M5A 2A3,2 bed,2 bath,townhouse
1188800,21 IRVINGTON CRES, M2N 2Z2,3 bed,2 bath,house
499900,2518 - 181 VILLAGE GREEN SQ, M1S 0K6,2 bed,1 bath,condo
579000,520 - 20 BLUE JAYS WAY, M5V 3W6,2 bed,1 bath,condo
1189000,702 - 41 DOVERCOURT RD, M6J 0G6,2 bed,2 bath,condo
659000,2002 - 30 MEADOWGLEN PL, M1G 0A6,3 bed,2 bath,condo
549900,711 - 117 GERRARD ST E, M5B 2L4,1 + 1 bed,1 bath,condo
1268000,326 CHARTLAND BLVD S, M1S 3P3,5 bed,4 bath,house
1088000,#TH 01 -2167 LAKE SHORE BLVD W, M8V 0A8,3 bed,3 bath,townhouse
999000,134 GILMOUR AVE, M6P 3B3,4 bed,3 bath,house
999000,131 STANLEY GREENE BLVD, M3K 0A7,5 bed,4 bath,house
999999,587 HORNER AVE, M8W 2C7,3 bed,2 bath,house
729900,1907 - 15 ZORRA ST, M8Z 0C1,3 bed,2 bath,condo
399000,507 - 105 THE QUEENSWAY, M6S 5B5,1 bed,1 bath,condo
929900,47 PILKINGTON DR, M1L 0B7,4 bed,4 bath,house
525900,1510 - 318 RICHMOND ST W, M5V 0B4,0 bed,1 bath,condo
849000,701 - 47 ST CLAIR AVE W, M4V 3A5,2 bed,2 bath,condo
1299000,328 - 1100 LANSDOWNE AVE, M6H 4K1,3 bed,3 bath,condo
1498000,#LP11 -197 YONGE ST, M5B 1M4,2 bed,2 bath,condo
2099000,511 - 43 HANNA AVE, M6K 1X1,2 bed,2 bath,condo
1645000,3203 - 955 BAY ST, M5S 0C6,2 bed,2 bath,condo
519900,1801 - 350 ALTON TOWERS CIR, M1V 5E3,2 bed,2 bath,condo
969000,317 - 377 MADISON AVE, M4V 3E1,2 bed,2 bath,condo
790000,2905 - 159 DUNDAS ST E, M5B 0A9,2 bed,2 bath,condo
3100000,36 VERWOOD AVE, M3H 2K5,7 bed,6 bath,house
787500,506 - 100 QUEBEC AVE, M6P 4B8,2 bed,2 bath,condo
765000,3201 - 3303 DON MILLS RD, M2J 4T6,4 bed,2 bath,condo
689900,513 - 386 YONGE ST, M5B 0A5,1 bed,2 bath,condo
806000,20 DANCY AVE, M1V 1G1,4 bed,3 bath,townhouse
745000,3504 - 2230 LAKE SHORE BLVD W, M8V 0B2,2 bed,2 bath,condo
549900,808 - 55 DE BOERS DR, M3J 0G5,1 + 1 bed,1 bath,condo
789000,2705 - 18 SPRING GARDEN AVE, M2N 7M2,2 bed,2 bath,condo
1100000,40 JULIET CRES, M6M 1N6,3 + 1 bed,4 bath,house
950000,16 Superior Creek Lane, M8Z 6C5,2 bed,2 + 1 bath,townhouse
725000,704 - 1005 KING ST W, M6K 3M8,2 bed,1 bath,condo
484000,2107 - 281 MUTUAL ST, M4Y 3C4,1 bed,1 bath,condo
588000,405 - 17 BARBERRY PL, M2K 3E2,1 + 1 bed,2 bath,condo
499000,428 - 47 LOWER RIVER ST, M5A 0G1,1 bed,1 bath,condo
1695000,393 HARBORD ST, M6G 1J1,5 + 1 bed,2 bath,house
650000,908 - 8 YORK ST, M5J 2Y2,1 bed,1 bath,condo
969000,79 PILKINGTON DR, M1L 0A6,4 + 1 bed,4 bath,house
539900,1508 - 3845 LAKE SHORE BLVD W, M8W 4Y3,2 bed,1 bath,condo
1599000,31 CRAIGMORE CRES, M2N 2Y2,4 bed,3 bath,house
475900,502 - 159 DUNDAS ST E, M5B 0A9,1 bed,1 bath,condo
960000,401 - 393 KING ST E, M5A 1L3,2 bed,2 bath,condo
1199000,26 GLENEITA ST, M1M 0B5,4 bed,4 bath,house
599000,409 - 159 DUNDAS ST E, M5B 0A9,2 bed,2 bath,condo
788000,2002 - 30 HARRISON GARDEN BLVD, M2N 7A9,2 bed,2 bath,condo
577000,2059 - 3047 FINCH AVE W, M9M 0A5,2 bed,3 bath,townhouse
899900,413 MURRAY ROSS PKY, M3J 3P1,7 bed,5 bath,house
399990,310 - 320 DIXON RD, M9R 1S8,3 bed,2 bath,condo
599999,305 - 1901 YONGE ST, M4S 1Y6,1 bed,1 bath,condo
2175000,33 HARSHAW AVE, M6S 1X9,3 bed,4 bath,house
649000,805 - 8 TELEGRAM MEWS, M5V 3Z5,2 bed,1 bath,condo
699800,51 BRIARWOOD AVE, M9W 6C9,5 bed,3 bath,house
725000,204 - 400 HOPEWELL AVE, M6E 2S2,3 bed,2 bath,townhouse
2599000,1304 - 150 HEATH ST W, M4V 2Y4,2 bed,3 bath,condo
2888000,101 MCKEE AVE, M2N 4C2,6 bed,5 bath,house
1550000,4901 - 50 CHARLES ST E, M4Y 0C3,3 bed,2 bath,condo
2650000,224 LAWRENCE AVE E, M4N 1T2,4 + 1 bed,5 bath,house
988000,156 COCKSFIELD AVE, M3H 3T5,3 bed,3 bath,house
1066000,312 - 35 CHURCH ST, M5E 1T3,1 + 1 bed,2 bath,condo
929000,39 PARADE SQ, M1C 3T5,4 bed,4 bath,house
854800,1959 KEELE ST, M6M 3X9,2 + 1 bed,2 bath,house
649000,609 - 231 FORT YORK BLVD, M5V 1B2,1 + 1 bed,1 bath,condo
630000,832A - 461 ADELAIDE ST W, M5V 0L6,1 bed,1 bath,condo
479900,1306 - 224 KING ST W, M5H 0A6,0 bed,1 bath,condo
797000,2602 - 55 REGENT PARK BLVD, M5A 0C2,2 bed,2 bath,condo
1189000,504 - 23 BRANT ST, M5V 2L5,2 bed,2 bath,condo
1995000,102 KENDAL AVE, M5R 1L9,5 bed,4 bath,house
1630000,93 BANNATYNE DR, M2L 2P4,5 bed,4 bath,house
1220000,1700 - 28 SOMMERSET WAY, M2N 6W7,4 bed,3 bath,townhouse
869000,1604 - 1 THE ESPLANADE, M5E 0A8,2 bed,2 bath,condo
799900,303 - 799 COLLEGE ST, M6G 1C7,2 bed,1 bath,condo
799000,S126 - 455 FRONT ST E, M5A 0G2,2 bed,2 bath,condo
1388000,62 CRESTHAVEN DR, M2H 1M3,5 bed,4 bath,house
499900,808 - 8 LEE CENTRE DR, M1H 3H8,2 bed,2 bath,condo
988888,2025 - 5 SHEPPARD AVE E, M2N 0G4,2 + 1 bed,2 bath,condo
799900,2 - 1396 BLOOR ST W, M6P 4H6,3 bed,2 bath,townhouse
952000,1147 BRIMLEY RD, M1P 3G2,6 bed,2 bath,house
768880,1114 - 386 YONGE ST, M5B 0A5,1 bed,2 bath,condo
2599000,38 TERRACE AVE, M2R 1E9,6 bed,6 bath,house
698000,2515 - 25 THE ESPLANADE, M5E 1W5,2 bed,2 bath,condo
525999,32 - 15 GUILDWOOD PKY, M1E 4Y8,3 bed,3 bath,townhouse
7950000,18 ELM AVE, M4W 1N3,7 bed,5 bath,house
4149000,592 ORIOLE PKY, M4R 2C3,6 bed,7 bath,house
374500,1709 - 370 DIXON RD, M9R 1T2,2 bed,1 bath,condo
678000,1120 - 525 ADELAIDE ST W, M5V 0N7,2 bed,1 bath,condo
419000,313 - 19 AVONDALE AVE, M2N 0A6,0 bed,1 bath,condo
1336000,3 - 113 MCMAHON DR, M2K 0E5,4 bed,4 bath,townhouse
599000,312 - 3830 BATHURST ST, M3H 6C5,3 bed,2 bath,condo
589800,2408 - 8 CHARLOTTE ST, M5V 0K4,1 bed,1 bath,condo
659900,3007 - 80 JOHN ST, M5V 3X4,2 bed,1 bath,condo
565950,335 - 22 LEADER LANE, M5E 0B2,2 bed,1 bath,condo
749000,411 - 955 QUEEN ST W, M6J 3X5,2 bed,1 bath,condo
449000,809 - 150 ALTON TOWERS CIR, M1V 4X7,2 bed,2 bath,condo
815900,2206 - 170 BAYVIEW AVE, M5A 0M4,2 bed,2 bath,condo
529900,1303 - 25 FONTENAY CRT, M9A 0C4,2 bed,1 bath,condo
1968000,19 BURROWS AVE, M9B 4W8,4 bed,5 bath,house
689000,1704 - 15 ZORRA ST, M8Z 0C1,3 bed,2 bath,condo
595000,1004 - 135 MARLEE AVE, M6B 4C6,3 bed,2 bath,condo
2299000,190 MONTCLAIR AVE, M5P 1P9,5 bed,4 bath,house
1529000,10 ADAMEDE CRES, M2H 1B7,6 bed,3 bath,house
928888,23 BERTHA AVE, M1L 3L8,3 bed,2 bath,house
1849000,17 FENNINGS ST, M6J 3B9,4 bed,3 bath,house
1429000,24 KENNETH AVE, M2N 7B4,4 bed,3 bath,townhouse
940000,1919 - 85 EAST LIBERTY ST, M6K 3R4,3 bed,2 bath,condo
599000,2304 - 50 FOREST MANOR RD, M2J 0E3,2 bed,2 bath,condo
645000,1202 - 150 FAIRVIEW MALL DR, M2J 0E7,2 bed,2 bath,condo
549000,601 - 8 THE ESPLANADE, M5E 0A6,1 bed,1 bath,condo
1098000,6 CROSSEN DR, M2M 1N8,4 bed,3 bath,house
632990,308 - 8825 SHEPPARD AVE E, M1B 0E3,2 + 1 bed,3 bath,condo
939000,5 BRILLIANT CRT, M1V 0A8,4 + 2 bed,4 bath,house
2489000,10 JOCADA RD, M6L 2J3,5 bed,5 bath,house
1600000,343 SHAW ST, M6J 2X1,5 bed,4 bath,house
569000,1414 - 83 BOROUGH DR, M1P 5E4,2 + 1 bed,2 bath,condo
549000,404 - 70 MILL ST, M5A 4R1,1 bed,1 bath,condo
549000,602 - 35 BRIAN PECK CRES, M4G 0A5,2 bed,1 bath,condo
1150000,1508 - 21 GRAND MAGAZINE ST, M5V 1B5,2 + 1 bed,2 bath,condo
599888,1707 - 5 MICHAEL POWER PL, M9A 0A3,2 bed,2 bath,condo
699900,63 CHELWOOD RD, M1K 2K5,3 bed,2 bath,house
899900,268 SILVERTHORN AVE, M6N 3K4,3 + 1 bed,3 bath,house
449900,1003 - 5 ROWNTREE RD, M9V 5G9,2 bed,2 bath,condo
549900,706 - 190 MANITOBA ST, M8Y 3Y8,1 + 1 bed,1 bath,condo
673900,907 - 701 KING ST W, M5V 2W7,2 + 1 bed,2 bath,condo
709900,5003 - 100 HARBOUR ST, M5J 0B5,1 bed,1 bath,condo
695000,1808 - 75 QUEENS WHARF RD, M5V 0J8,1 bed,1 bath,condo
539000,829 - 68 CORPORATE DR, M1H 3H3,2 + 1 bed,2 bath,condo
519000,1004 - 105 THE QUEENSWAY, M6S 5B5,1 + 1 bed,1 bath,condo
529800,5701 - 14 YORK ST, M5J 0B1,1 bed,1 bath,condo
749000,1611 - 7 CARLTON ST, M5B 2M3,2 + 1 bed,2 bath,condo
964500,4 HORNELL ST, M8Z 1X2,4 bed,2 bath,house
488888,1808 - 105 THE QUEENSWAY, M6S 5B5,1 bed,1 bath,condo
880000,1209 - 609 AVENUE RD, M4V 0B1,2 bed,2 bath,condo
2200000,2 - 538 BRUNSWICK AVE, M5R 2Z5,3 bed,3 bath,townhouse
599800,1107 - 19 ROSEBANK DR, M1B 5Z2,3 bed,3 bath,townhouse
449800,415 - 320 DIXON RD, M9R 1S8,3 bed,2 bath,condo
690000,835 - 250 WELLINGTON ST W, M5V 3P6,2 bed,1 bath,condo
599000,40 - 740 KENNEDY RD, M1K 2C5,4 bed,2 bath,townhouse
719000,315 - 253 MERTON ST, M4S 3H2,2 bed,1 bath,condo
698000,65 HOUNSLOW HEATH RD, M6N 1G7,3 bed,2 bath,house
809900,8 MARYPORT AVE, M3M 2V9,4 bed,2 bath,house
1124900,1001 - 8 TELEGRAM MEWS, M5V 3Z5,3 bed,2 bath,condo
1412800,177 MOORE PARK AVE, M2M 1N3,7 bed,3 bath,house
999000,100 ARMSTRONG AVE, M6H 1V8,5 bed,4 bath,house
699000,3408 - 290 ADELAIDE ST W, M5V 0P3,2 bed,1 bath,condo
789900,827 - 39 QUEENS QUAY E, M5E 0A5,2 bed,1 bath,condo
639000,910 - 633 BAY ST, M5G 2G4,1 bed,1 bath,condo
549900,103 - 111 ELIZABETH ST, M5G 1P7,1 bed,1 bath,condo
699999,1604 - 88 CORPORATE DR, M1H 3G6,3 bed,2 bath,condo
999900,214 KEELE ST, M6P 2K2,6 bed,4 bath,house
852900,26 SARAH JACKSON CRES, M3K 0B5,3 bed,3 bath,townhouse
429800,1805 - 1350 YORK MILLS RD, M3A 2A1,2 bed,1 bath,condo
619800,707 - 15 MERCHANTS WHARF, M5A 0N8,1 bed,1 bath,condo
509000,722 - 21 NELSON ST, M5V 3H9,1 bed,1 bath,condo
517900,407 - 2050 BRIDLETOWNE CIR, M1W 2V5,3 bed,2 bath,condo
859000,403 - 65 ST MARY ST, M5S 0A6,1 + 1 bed,1 bath,condo
615000,1110 - 2800 KEELE ST, M3M 0B8,2 bed,1 bath,condo
654900,1206 - 20 SHORE BREEZE DR, M8V 0C7,1 + 1 bed,1 bath,condo
699800,20 SCARFAIR PTWAY, M1B 4E8,5 bed,5 bath,house
1159000,2507 - 33 UNIVERSITY AVE, M5J 2S7,3 bed,2 bath,condo
799000,502 - 105 THE QUEENSWAY, M6S 5B5,3 bed,2 bath,condo
349000,13 - 99 BLACKWELL AVE, M1B 3R5,1 bed,1 bath,condo
749000,617 - 2522 KEELE ST, M6L 0A2,2 bed,2 bath,condo
1358800,436 DREWRY AVE, M2R 2K5,5 bed,2 bath,house
599000,615 - 942 YONGE ST, M4W 3S8,2 bed,1 bath,condo
559000,204 - 15 VIKING LANE, M9B 0A4,2 bed,1 bath,condo
528888,29 - 543 STEELES AVE W, M2M 3Y1,2 bed,2 bath,townhouse
588000,321 - 50 ANN O'REILLY RD, M2J 0C9,1 + 1 bed,1 bath,condo
599000,2715 - 18 PARKVIEW AVE, M2N 7H7,1 + 1 bed,1 bath,condo
779000,1705 - 51 EAST LIBERTY ST, M6K 3P8,3 bed,2 bath,condo
749800,20 THORNBECK DR, M1G 2J6,3 bed,2 bath,house
1699000,1 STILLWATER CRES, M2R 3S3,4 + 1 bed,3 bath,house
499999,1103 - 200 SACKVILLE ST, M5A 0C4,1 bed,1 bath,condo
519900,1016 - 3043 FINCH AVE W, M9M 0A4,3 bed,2 bath,townhouse
1499000,99 B MEMORIAL PARK AVE, M4J 2K1,3 bed,4 bath,house
620000,1610 - 8 THE ESPLANADE, M5E 0A6,1 bed,1 bath,condo
18900000,101 OLD COLONY RD, M2L 2K3,5 + 1 bed,9 bath,house
1538000,2505 - 2045 LAKE SHORE BLVD W, M8V 2Z6,2 bed,2 bath,condo
928000,307 - 20 BLUE JAYS WAY, M5V 3W6,2 + 1 bed,2 bath,condo
575000,1307 - 1 VALHALLA INN RD, M9B 1S9,2 bed,1 bath,condo
1151550,2504 - 181 BEDFORD RD, M5R 0C2,3 bed,2 bath,condo
549800,1801 - 55 CENTRE AVE, M5G 2H5,1 bed,1 bath,condo
569000,95 - 1355 NEILSON RD, M1B 0C6,2 bed,2 bath,condo
585000,402 - 778 SHEPPARD AVE W, M3H 6B7,2 bed,2 bath,condo
739000,401 - 1177 YONGE ST, M4T 2Y4,1 bed,1 bath,condo
119000,1 ST THOMAS ST, M5S 3M5,N/A bed,N/A bath,house
539900,506 - 9 VALHALLA INN RD, M9B 0B2,1 + 1 bed,1 bath,condo
1190000,79 WEST DEANE PARK DR, M9B 2S2,3 + 1 bed,2 bath,house
859901,63 RONALD AVE, M6E 4M8,2 + 1 bed,2 bath,house
749000,48 FERNANDO RD, M9M 2P6,3 bed,2 bath,house
479000,204 - 551 THE WEST MALL, M9C 1G7,3 bed,2 bath,condo
1649000,66 HAVELOCK ST, M6H 0C4,4 bed,3 bath,townhouse
699000,311 - 35 CHURCH ST, M5E 1T3,2 bed,1 bath,condo
785000,1029 - 560 FRONT ST W, M5V 1C1,3 bed,2 bath,condo
699000,404 - 240 SCARLETT RD, M6N 4X4,3 bed,2 bath,condo
889000,615 - 955 BAY ST, M5S 0C6,2 bed,1 bath,condo
949000,577 CRAVEN RD, M4L 2Z6,2 bed,2 bath,house
1299900,30 GAUDI RD, M1B 0B4,4 + 1 bed,5 bath,house
1498000,6201 - 1 BLOOR ST E, M4W 0A8,2 + 1 bed,3 bath,condo
2552000,16 MOSSFORD CRT, M9B 5T4,5 bed,5 bath,house
468000,601 - 2050 BRIDLETOWNE CIR, M1W 2V5,3 bed,2 bath,condo
948800,2505 - 32 DAVENPORT RD, M5R 0B5,2 bed,2 bath,condo
979000,167 RUSTIC RD, M6L 1W3,5 bed,2 bath,house
998888,261 GLEN PARK AVE, M6B 2E2,4 bed,2 bath,house
695000,305 - 500 RICHMOND ST W, M5V 3N4,1 bed,1 bath,condo
799000,49 WESTON RD W, M6N 3P1,4 bed,3 bath,townhouse
599000,1807 - 38 DAN LECKIE WAY, M5V 2V6,2 bed,1 bath,condo
929000,1356 PAPE AVE, M4K 3X2,3 bed,3 bath,house
1498000,3 GIDEON CRT, M2H 3R3,6 bed,6 bath,house
739900,1307 - 80 JOHN ST, M5V 3X4,2 bed,1 bath,condo
746850,4502 - 70 ANNIE CRAIG DR, M8V 0G2,2 bed,2 bath,condo
609000,1707 - 36 PARK LAWN RD, M8V 0E5,1 bed,1 bath,condo
1749000,384 FAIRLAWN AVE, M5M 1T8,4 bed,3 bath,house
719900,1804 - 10 KENNETH AVE, M2N 6K6,3 bed,2 bath,condo
799000,2112 - 78 HARRISON GARDEN BLVD, M2N 7E2,2 bed,2 bath,condo
599000,2610 - 85 WOOD ST, M4Y 0E8,2 bed,1 bath,condo
989000,17 FEENEY AVE, M1B 4N3,6 bed,4 bath,house
629900,701 - 3830 BATHURST ST, M3H 6C5,2 bed,1 bath,condo
597700,1618 - 60 HEINTZMAN ST, M6P 5A1,2 bed,1 bath,condo
795000,#PH06 -168 BONIS AVE, M1T 3V6,4 bed,2 bath,condo
549000,2307 - 710 HUMBERWOOD BLVD, M9W 7J5,2 bed,2 bath,condo
584900,2708 - 2220 LAKE SHORE BLVD W, M8V 0C1,2 bed,1 bath,condo
2799000,34 CRANBROOKE AVE, M5M 1M4,4 bed,5 bath,house
1395000,316 - 1177 YONGE ST, M4T 2Y4,2 bed,2 bath,condo
2388000,431 EUCLID AVE, M6G 2T1,6 bed,3 bath,house
699999,79 - 125 SHAUGHNESSY BLVD, M2J 1J7,4 + 4 bed,3 bath,condo
599900,15 LADY FERN WAY, M2J 4M4,3 bed,2 bath,townhouse
1229900,65 MORNINGSIDE AVE, M1E 3C3,4 bed,4 bath,house
619900,503 - 1000 KING ST W, M6K 3N1,1 bed,1 bath,condo
449800,1011 - 17 ZORRA ST, M8Z 0C8,1 bed,2 bath,condo
799900,1708 - 25 COLE ST, M5A 4M3,3 bed,2 bath,condo
629000,1053 - 105 GEORGE APPLETON WAY, M3M 0A2,2 + 1 bed,2 bath,condo
988000,18 SHREWSBURY SQ, M1T 1L2,3 + 1 bed,2 bath,house
3388000,242 PRINCESS AVE, M2N 3S1,4 + 2 bed,6 bath,house
1349000,14 ELDER ST, M3H 5G6,3 + 4 bed,3 bath,house
749999,1711 - 20 MINOWAN MIIKAN LANE, M6J 0E5,2 bed,2 bath,condo
449000,1004 - 80 ESTHER LORRIE DR, M9W 0C6,2 bed,1 bath,condo
529800,325 - 10 MENDELSSOHN ST, M1L 0G7,3 bed,2 bath,condo
699000,404 - 1486 BATHURST ST, M5P 0A5,2 bed,2 bath,condo
1299000,19 ALDGATE AVE, M8Y 3L7,5 bed,5 bath,house
449900,203 - 10 DEAN PARK RD, M1B 3G8,2 bed,2 bath,condo
738000,2810 - 5180 YONGE ST, M2N 0K5,2 bed,2 bath,condo
1390000,811 COSBURN AVE, M4C 2V9,4 bed,4 bath,house
599900,1709 - 88 GRANGEWAY AVE, M1H 0A2,2 bed,2 bath,condo
999000,605 - 59 EAST LIBERTY ST, M6K 3R1,2 + 1 bed,2 bath,condo
2049000,1601 - 175 CUMBERLAND ST, M5R 3M9,2 bed,2 bath,condo
599900,503 - 1030 SHEPPARD AVE W, M3H 6C1,2 bed,2 bath,condo
729900,502 - 70 MILL ST, M5A 4R1,2 bed,2 bath,condo
2849000,36 DUGGAN AVE, M4V 1Y2,4 bed,5 bath,house
1350000,201 - 50 MCCAUL ST, M5T 0B6,3 bed,2 bath,condo
1799000,43 PARKWAY AVE, M6R 1T6,5 bed,1 bath,house
799000,4607 - 5 SAINT JOSEPH ST, M4Y 0B6,1 + 1 bed,1 bath,condo
839000,1916 - 90 PARK LAWN RD, M8Y 0B6,3 bed,2 bath,condo
1949900,30 CATALINA DR, M1M 1K6,5 bed,3 bath,house
599900,210 - 2285 LAKE SHORE BLVD W, M8V 3X9,2 bed,2 bath,condo
589000,2310 - 28 HARRISON GARDEN BLVD, M2N 7B5,2 bed,1 bath,condo
595000,617 - 170 SUMACH ST, M5A 0C3,2 bed,2 bath,condo
575000,213 - 608 RICHMOND ST W, M5V 0N9,1 bed,1 bath,house
1295000,129 HOMEWOOD AVE, M2M 1K2,2 bed,2 bath,house
729000,504 - 126 SIMCOE ST, M5H 4E6,2 bed,1 bath,condo
618000,1318 - 160 FLEMINGTON RD, M6A 0A9,2 bed,2 bath,condo
628000,1606 - 120 HARRISON GARDEN BLVD, M2N 0H1,2 bed,2 bath,condo
579900,210 - 801 KING ST W, M5V 3C9,1 + 1 bed,1 bath,condo
669000,30 Bradstone Sq, M1B 1W2,3 + 1 bed,2 bath,townhouse
699999,1608 - 20 SHORE BREEZE DR, M8V 0C7,1 + 1 bed,1 bath,condo
2185000,82 REGINA AVE, M6A 1R6,6 + 1 bed,6 bath,house
1150000,11 CARTWRIGHT AVE, M6A 1T8,3 + 2 bed,2 bath,house
1199000,8 BOWSPRIT AVE, M9P 2Y5,4 bed,3 bath,house
625000,3108 - 251 JARVIS ST, M5B 0C3,3 bed,1 bath,condo
499999,68 - 397 BEECHGROVE DR, M1E 2R1,3 bed,3 bath,townhouse
725000,223 - 701 SHEPPARD AVE W, M3H 0B2,3 bed,2 bath,condo
785000,3303 - 761 BAY ST, M5G 2R2,2 bed,2 bath,condo
899900,83 TRETHEWEY DR, M6M 4B5,3 bed,2 bath,house
1649000,397 MELROSE ST, M8Z 1H2,6 bed,4 bath,house
999000,18 - 6 WINDERMERE AVE, M6S 3J1,3 bed,2 bath,condo
598800,1202 - 35 HOLLYWOOD AVE, M2N 0A9,2 bed,1 bath,condo
679900,1805 - 35 BASTION ST, M5V 0C2,2 bed,1 bath,condo
649000,1408 - 15 VIKING LANE, M9B 0A4,2 bed,2 bath,condo
619900,222 - 560 FRONT ST W, M5V 1C1,1 + 1 bed,1 bath,condo
2098000,47 LAUREL AVE, M9B 4T1,5 + 1 bed,6 bath,house
879000,1405 - 18 HOLLYWOOD AVE, M2N 6P5,3 bed,2 bath,condo
1799000,42 DUPONT ST, M5R 1V2,4 + 2 bed,3 bath,house
399900,600 - 18 PEMBERTON AVE, M2M 4K9,1 bed,1 bath,condo
550000,1111 - 352 FRONT ST W, M5V 0K3,1 bed,1 bath,condo
599000,1607 - 18 HARBOUR ST, M5J 2Z6,2 bed,1 bath,condo
698900,1307 - 320 RICHMOND ST E, M5A 1P9,1 bed,1 bath,condo
599900,721 - 12 BONNYCASTLE ST, M5A 0C8,1 bed,1 bath,condo
899000,25 BENLEIGH DR, M1H 1J1,4 bed,2 bath,house
399900,1405 - 3091 DUFFERIN ST, M6A 0C4,1 bed,1 bath,condo
889800,475 DAWES RD, M4B 2E7,2 + 1 bed,2 bath,house
415000,201 - 735 DON MILLS RD, M3C 1S9,1 bed,1 bath,condo
319900,128 - 5225 FINCH AVE E, M1S 5W8,1 + 1 bed,1 bath,condo
518000,1707 - 2212 LAKE SHORE BLVD W, M8V 0C2,1 bed,1 bath,condo
399800,1309 - 330 MCCOWAN RD, M1J 3N3,2 bed,1 bath,condo
1350000,1592 WARDEN AVE, M1R 2T2,6 + 2 bed,4 bath,house
788800,1 - 88 CASTLEBURY CRES, M2H 1W8,3 bed,2 bath,townhouse
899000,4170 DUNDAS ST W, M8X 1X3,2 bed,1 bath,townhouse
2499000,265 WRIGHT AVE, M6R 1L7,7 bed,7 bath,house
1899000,4229 BLOOR ST W, M9C 1Z6,3 + 2 bed,3 bath,house
3968000,1502 - 38 AVENUE RD, M5R 2G2,2 bed,2 bath,condo
949000,26 ROCKCLIFFE BLVD, M6N 4R2,3 bed,2 bath,house
769000,18 - 18 APPLEWOOD LANE, M9C 0C1,3 bed,3 bath,townhouse
848500,S401 - 120 BAYVIEW AVE, M5A 0G4,2 bed,2 bath,condo
909888,2211 - 70 TEMPERANCE ST, M5H 0B1,2 bed,2 bath,condo
409900,1004 - 1 MASSEY SQ, M4C 5L4,2 bed,1 bath,condo
449900,1208 - 300 ALTON TOWERS CIR, M1V 4X9,2 + 1 bed,2 bath,condo
379900,1601 - 2901 KIPLING AVE, M9V 5E5,2 bed,1 bath,condo
429000,1504 - 1338 YORK MILLS RD, M3A 3M3,2 bed,1 bath,condo
1490000,112 COMBE AVE, M3H 4J9,5 bed,2 bath,house
509900,411 - 10 MARKBROOK LANE, M9V 5E3,3 bed,2 bath,condo
389900,405 - 100 WINGARDEN CRT, M1B 2P4,2 bed,2 bath,condo
810000,713 - 295 ADELAIDE ST W, M5V 0L4,2 bed,2 bath,condo
1899000,48 SMITHWOOD DR, M9B 4R9,5 bed,5 bath,house
1180000,7 - 70 HARGRAVE LANE, M4N 0A4,4 bed,3 bath,townhouse
659000,85 CELESTE DR, M1E 2V5,3 bed,2 bath,house
524999,1811 - 235 SHERWAY GARDENS RD, M9C 0A2,2 bed,1 bath,condo
549000,202 - 16 MCADAM AVE, M6A 0B9,1 + 1 bed,1 bath,condo
1530000,118 NYMARK AVE, M2J 2H4,4 + 1 bed,2 bath,house
409999,1012 - 3050 ELLESMERE RD, M1E 5E6,2 bed,2 bath,condo
549900,2105 - 10 PARK LAWN RD, M8V 0H9,1 bed,1 bath,condo
965000,515 - 55 MERCHANTS WHARF, M5A 0P2,2 bed,2 bath,condo
1200000,19 WHITE AVE, M6N 1S7,3 bed,2 bath,house
1149000,564 VAUGHAN RD, M6C 2R3,3 + 1 bed,3 bath,house
588000,634 - 38 GRAND MAGAZINE ST, M5V 0B1,2 bed,2 bath,condo
678000,708 - 633 BAY ST, M5G 2G4,1 bed,2 bath,condo
779000,1101 - 10 YORK ST, M5J 0E1,2 bed,1 bath,condo
799900,16 - 230 KING ST E, M5A 1K5,2 bed,1 bath,condo
1695000,1004 - 1 DEER PARK CRES, M4V 3C4,2 bed,3 bath,condo
689000,107 - 136 WIDDICOMBE HILL BLVD, M9R 0A9,2 bed,2 bath,townhouse
510000,1803 - 170 FORT YORK BLVD, M5V 0E6,1 bed,1 bath,condo
499900,105 - 17 ZORRA ST, M8Z 0C8,1 + 1 bed,2 bath,condo
599880,207 - 115 ANTIBES DR, M2R 2Y9,3 bed,2 bath,condo
1068000,205 ROXANNE CRES, M1V 4G4,4 + 3 bed,4 bath,house
475000,621 - 800 LAWRENCE AVE W, M6A 0B1,1 bed,1 bath,condo
749000,306 - 19 GRAND TRUNK CRES, M5J 3A3,2 bed,2 bath,condo
459000,1007 - 15 JAMES FINLAY WAY, M3M 0B3,2 bed,2 bath,condo
439000,708 - 160 FLEMINGTON RD, M6A 0A9,2 bed,1 bath,condo
839900,28 CRESTWOOD DR, M1E 1E5,3 + 1 bed,4 bath,house
1330000,314 - 1001 BAY ST, M5S 3A6,3 bed,2 bath,condo
549999,1124 - 500 DORIS AVE, M2N 0C1,1 bed,1 bath,condo
799900,27 FRIARY CRT, M3L 2B4,4 bed,2 bath,house
698000,902 - 131 TORRESDALE AVE, M2R 3T1,2 bed,2 bath,condo
1188000,325 MONARCH PARK AVE, M4J 4T2,3 + 1 bed,3 bath,house
689900,2913 - 70 CARLTON ST, M5B 1L6,1 + 1 bed,1 bath,condo
624900,715 - 231 FORT YORK BLVD, M5V 1B2,2 bed,1 bath,condo
699000,701 - 7 MABELLE AVE, M9A 0C9,3 bed,2 bath,condo
999888,2305 - 5 MARINER TERR, M5V 3V6,3 bed,2 bath,condo
999999,66 GUERNSEY DR, M9C 3A7,5 bed,2 bath,house
968000,7 MERRYFIELD DR, M1P 1J3,5 bed,3 bath,house
688000,1209 - 390 CHERRY ST, M5A 0E2,2 bed,1 bath,condo
499999,5211 - 30 SHORE BREEZE DR, M8V 0J1,1 bed,1 bath,condo
1988888,44 GATEHEAD RD, M2J 2P5,3 bed,2 bath,house
699880,627 - 55 MERCHANTS WHARF, M5A 0P2,1 bed,1 bath,condo
3188000,86 NORTHDALE RD, M2L 2M1,2 + 1 bed,4 bath,house
1289000,23 BRADMORE AVE, M9M 1K1,7 bed,3 bath,house
699888,64 HUTCHERSON SQ, M1B 1C6,6 bed,3 bath,house
629900,214 - 55 DE BOERS DR, M3J 0G5,3 bed,2 bath,condo
918000,1501 - 85 QUEENS WHARF RD, M5V 0J9,3 bed,2 bath,condo
1499900,24 BATHFORD CRES, M2J 2S4,5 bed,2 bath,house
699000,708 - 88 BROADWAY AVE, M4P 0A5,2 bed,1 bath,condo
1149000,#TH 9 -1350 KINGSTON RD, M1N 1P9,4 bed,3 bath,condo
519900,906 - 19 FOUR WINDS DR, M3J 2S9,3 bed,2 bath,condo
679000,103 DENTON AVE, M1L 1G5,1 + 2 bed,1 bath,house
519000,1206 - 18 GRAYDON HALL DR, M3A 0A4,1 bed,1 bath,condo
819900,1005 - 89 DUNFIELD AVE, M4S 0A4,2 bed,2 bath,condo
13500000,5B - 36 HAZELTON AVE, M5R 2E2,2 bed,3 bath,condo
969000,221 ISLAND RD, M1C 2R1,3 bed,2 bath,house
899000,1159 GERRARD ST E, M4L 1Y3,3 bed,2 bath,house
519900,2006 - 88 GRANGEWAY AVE, M1H 0A2,2 bed,1 bath,condo
599800,506 - 29 ROSEBANK DR, M1B 5Y7,4 bed,3 bath,townhouse
2759000,101 BOTFIELD AVE, M9B 4E6,4 + 1 bed,5 bath,house
1189000,1315B Davenport Rd, M6H 2H4,4 bed,2 bath,townhouse
725000,2205 - 126 SIMCOE ST, M5H 4E6,2 bed,1 bath,condo
989000,109 CLEARBROOKE CIR, M9W 2E9,4 bed,2 bath,house
1099000,80 GLEN WATFORD DR, M1S 2C7,2 + 3 bed,2 bath,house
649900,1706 - 5229 DUNDAS ST W, M9B 6L9,2 bed,2 bath,condo
659900,2501 - 195 WYNFORD DR, M3C 3P3,2 + 1 bed,2 bath,condo
739000,3001 - 15 GRENVILLE ST, M4Y 0B9,2 bed,1 bath,condo
450000,1010 - 150 FAIRVIEW MALL DR, M2J 0E7,0 bed,1 bath,condo
645000,1001 - 58 ORCHARD VIEW BLVD, M4R 0A2,2 bed,2 bath,condo
840000,808 - 9 BOGERT AVE, M2N 0H3,3 bed,2 bath,condo
625000,602 - 1 VALHALLA INN RD, M9B 1S9,2 bed,2 bath,condo
1590000,3013 - 55 HARBOUR SQ, M5J 2L1,3 bed,2 bath,condo
451900,806 - 125 VILLAGE GREEN SQ, M1S 0G3,2 bed,1 bath,condo
548800,#PH 09 -22 OLIVE AVE, M2N 7G6,1 bed,1 bath,condo
729000,1609 - 5 SOUDAN AVE, M4S 0B1,2 bed,2 bath,condo
699900,2810 - 330 RICHMOND ST W, M5V 0M4,1 bed,1 bath,condo
584900,333 - 21 DALE AVE, M4W 1K3,1 bed,1 bath,house
859900,806 - 85 EAST LIBERTY ST, M6K 3R4,2 + 1 bed,2 bath,condo
619000,1501 - 832 BAY ST, M5S 1Z6,1 bed,1 bath,condo
759900,822 - 230 KING ST E, M5A 1K5,2 bed,1 bath,condo
775000,1609 - 225 SACKVILLE ST, M5A 0B9,2 bed,2 bath,condo
519000,510 - 35 SARANAC BLVD, M6A 2G4,1 bed,1 bath,condo
919000,3007 - 33 CHARLES ST E, M4Y 0A2,2 bed,1 bath,condo
738888,3211 - 33 SHORE BREEZE DR, M8V 0G1,2 bed,2 bath,condo
3389000,136 DOVERCOURT RD, M6J 3C4,6 bed,5 bath,house
3695000,12 BUCKINGHAM AVE, M4N 1R2,4 bed,6 bath,house
899900,714 - 377 MADISON AVE, M4V 3E1,2 bed,2 bath,condo
549999,312 - 68 ABELL ST, M6J 0B1,2 bed,1 bath,condo
1975000,372 MERTON ST, M4S 1B3,6 bed,4 bath,house
659000,3506 - 426 UNIVERSITY AVE, M5G 1S9,1 bed,1 bath,condo
574900,1810 - 33 HARBOUR SQ, M5J 2G2,1 bed,1 bath,condo
799900,3311 - 125 REDPATH AVE, M4S 0B5,2 bed,2 bath,condo
549850,905 - 15 JAMES FINLAY WAY, M3M 0B3,2 bed,2 bath,condo
630000,509 - 55 REGENT ST, M5A 0P1,2 bed,1 bath,condo
919000,3610 - 50 WELLESLEY ST E, M4Y 0C8,2 bed,2 bath,condo
790000,2806 - 14 YORK ST, M5J 0B1,2 bed,1 bath,condo
1059900,1210 - 188 CUMBERLAND ST, M5R 0B6,3 bed,2 bath,condo
549000,314 - 21 EARL ST, M4Y 3C8,1 bed,1 bath,condo
749900,1706 - 1320 ISLINGTON AVE, M9A 5C6,3 bed,1 bath,condo
869000,705 - 38 WILLIAM CARSON CRES, M2P 2H2,3 bed,2 bath,condo
499000,2802 - 88 GRANGEWAY AVE, M1H 0A2,2 bed,1 bath,condo
1699000,42 EMERALD CRES, M8V 2B6,5 + 2 bed,4 bath,house
500000,1111 - 4968 YONGE ST, M2N 7G9,1 bed,1 bath,condo
769000,302 - 132 WIDDICOMBE HILL BLVD, M9R 0A9,4 bed,2 bath,townhouse
1499000,32 ATHABASKA AVE, M2M 2T7,3 bed,1 bath,house
1449000,2203 - 278 BLOOR ST E, M4W 3M4,2 bed,2 bath,condo
675000,808 - 199 RICHMOND ST W, M5V 0H4,1 bed,1 bath,condo
1198500,511 - 380 MACPHERSON AVE, M4V 3E3,3 bed,2 bath,condo
499000,3212 - 125 REDPATH AVE, M4S 0B5,1 bed,1 bath,condo
1180000,32 HAVENVIEW RD, M1S 3A3,3 + 2 bed,4 bath,house
454800,501 - 40 PANORAMA CRT, M9V 4M1,3 bed,2 bath,condo
1650000,40 ELDER AVE, M8W 1S4,3 bed,5 bath,house
750000,2 - 581 SCARLETT RD, M9P 2S4,3 bed,4 bath,townhouse
1490000,14 ANCONA ST, M2R 2H2,7 bed,3 bath,house
349900,1112 - 121 TRUDELLE ST, M1J 3K4,2 bed,2 bath,condo
999999,2 - 2240 LAKE SHORE BLVD W, M8V 0B1,3 bed,2 bath,condo
2199900,103 KENWOOD AVE, M6C 2S1,6 + 2 bed,3 bath,house
1249000,73 GROVEDALE AVE, M6L 1Y8,5 bed,2 bath,house
725000,202 - 56 AERODROME CRES, M4G 4J1,2 bed,2 bath,townhouse
799000,1206 - 600 FLEET ST, M5V 1B7,2 bed,2 bath,condo
850000,304 - 15 BEVERLEY ST, M5T 0B3,2 bed,2 bath,condo
3995000,151 YONGE BLVD, M5M 3H3,5 bed,5 bath,house
460000,1411 - 181 VILLAGE GREEN SQ, M1S 0K6,1 bed,1 bath,condo
2179888,136 BURNDALE AVE, M2N 1S9,5 bed,4 bath,house
990000,46 WILDERNESS DR, M1V 3P6,4 bed,4 bath,house
699999,411 - 438 RICHMOND ST W, M5V 3S6,1 bed,1 bath,condo
1180000,3862 ELLESMERE RD, M1C 1J1,5 bed,2 bath,house
1249000,122 - 10 WALKER AVE, M4V 1G2,2 bed,2 bath,condo
768000,203 - 724 SHEPPARD AVE W, M3H 2S8,3 bed,3 bath,townhouse
2148000,1514 - 36 BLUE JAYS WAY, M5V 3T3,3 bed,4 bath,condo
549000,2006 - 120 PARLIAMENT ST, M5A 0N6,1 bed,1 bath,condo
549900,407 - 11 MICHAEL POWER PL, M9A 5G3,2 bed,2 bath,condo
459000,213 - 475 THE WEST MALL, M9C 4Z3,2 bed,1 bath,condo
599900,804 - 608 RICHMOND ST W, M5V 0N9,1 bed,1 bath,condo
576000,208 - 55 HUNTINGDALE BLVD, M1W 2N9,3 bed,2 bath,condo
508900,214 - 1040 THE QUEENSWAY, M8Z 0A7,2 bed,1 bath,condo
710000,304 - 835 ST CLAIR AVE W, M6C 0A8,1 + 1 bed,2 bath,condo
3499000,259 HOLLYWOOD AVE, M2N 3K8,4 + 1 bed,6 bath,house
959000,101 - 2 OLD MILL DR, M6S 0A2,2 bed,2 bath,condo
939888,156 CALVINGTON DR, M3M 2M6,4 bed,2 bath,house
689000,717 - 101 CHARLES ST E, M4Y 0A9,2 bed,1 bath,condo
599900,2032 - 3033 FINCH AVE W, M9M 0A3,4 bed,3 bath,townhouse
579900,815 - 29 SINGER CRT, M2K 0B3,2 bed,1 bath,condo
639900,1012 - 105 GEORGE ST, M5A 0L4,1 bed,1 bath,condo
1289000,230 - 637 LAKE SHORE BLVD W, M5V 3J6,2 + 1 bed,2 bath,condo
778000,30 PETERSON DR, M9M 1X1,6 bed,2 bath,house
2499900,52 MCALLISTER RD, M3H 2N2,4 + 2 bed,5 bath,house
599900,2610 - 50 TOWN CENTRE CRT, M1P 0A9,3 bed,2 bath,condo
1650000,5302 - 8 THE ESPLANADE, M5E 0A6,2 bed,2 bath,condo
699000,731 - 50 BRUYERES MEWS, M5V 0H8,2 bed,2 bath,condo
869000,85 Wilkes Cres, M1L 0B4,3 bed,3 bath,townhouse
1750000,257 OLIVE AVE, M2N 4P5,3 bed,2 bath,house
539000,1903 - 66 FOREST MANOR RD, M2J 0B7,1 bed,1 bath,condo
419900,521 - 700 HUMBERWOOD BLVD, M9W 7J4,1 bed,1 bath,condo
705000,9 - 21 CONEFLOWER CRES, M2R 0A5,3 bed,3 bath,condo
508000,531 - 120 HARRISON GARDEN BLVD, M2N 0H1,1 bed,1 bath,condo
909900,1127 - 50 EAST LIBERTY ST, M6K 3P3,2 bed,2 bath,townhouse
729900,4308 - 159 DUNDAS ST E, M5B 0A9,2 bed,2 bath,condo
519900,1230 - 700 HUMBERWOOD BLVD, M9W 7J4,2 bed,1 bath,condo
1788000,107 ELMBROOK CRES, M9C 5C8,5 bed,5 bath,house
750000,617 - 90 BROADVIEW AVE, M4M 0A7,2 bed,1 bath,condo
1699000,8 FERRIS CRES, M4B 2P5,5 bed,3 bath,house
729000,305 - 75 DALHOUSIE ST, M5B 2R9,3 bed,1 bath,condo
559000,54 - 2 HEDGE END RD, M1B 5Z8,3 bed,2 bath,townhouse
629900,307 - 1316 KINGSTON RD, M1N 1P6,2 bed,2 bath,condo
529900,308 - 508 WELLINGTON ST W, M5V 0K8,1 bed,1 bath,condo
725000,904 - 260 SCARLETT RD, M6N 4X6,3 bed,2 bath,condo
1199900,4001 - 30 NELSON ST, M5V 0H5,2 + 1 bed,2 bath,condo
2250000,24 OLD MILL DR, M6S 4J9,4 bed,3 bath,house
2580000,48 JOHNSTON AVE, M2N 1G8,4 bed,3 bath,house
1395000,66 BUTTERWORTH AVE, M1L 1H6,6 bed,5 bath,house
449000,19 - 5 MASSEY SQ, M4C 5L6,2 bed,1 bath,condo
849900,1 HUSON CRT, M9V 4K9,5 bed,3 bath,house
852000,2411 - 89 MCGILL ST, M5B 0B1,2 bed,2 bath,condo
1098000,25 SAMBA DR, M9M 2M9,5 bed,2 bath,house
919900,D - 10 SHANK ST, M6J 3T8,2 bed,3 bath,townhouse
649900,1014 - 761 BAY ST, M5G 2R2,1 bed,1 bath,condo
588000,1908 - 59 ANNIE CRAIG DR, M8V 0C4,1 bed,1 bath,condo
1699900,#PH4003 -33 SHORE BREEZE DR, M8V 1A1,4 bed,3 bath,condo
699000,808 - 1029 KING ST W, M6K 3M9,1 bed,1 bath,condo
929999,110 - 24 NOBLE ST, M6K 2C8,1 bed,1 bath,condo
699000,310 - 1130 BRIAR HILL AVE, M6B 0A9,3 bed,2 bath,townhouse
739000,3310 - 21 WIDMER ST, M5V 0B8,1 bed,1 bath,condo
1099999,202 GRANDRAVINE DR, M3J 1B7,4 + 1 bed,4 bath,house
599900,2203 - 61 TOWN CENTRE CRT, M1P 5C5,2 bed,2 bath,condo
1499000,1023 WILLOWDALE AVE, M2M 3C9,5 bed,3 bath,house
1675000,98 17 ST, M8V 3K4,4 bed,4 bath,house
925000,1 - 32 GOTHIC AVE, M6P 2V9,2 bed,2 bath,condo
399900,1810 - 2645 KIPLING AVE, M9V 3S6,2 bed,2 bath,condo
669900,43 WOODY VINE WAY, M2J 4H5,4 bed,3 bath,townhouse
725000,548 - 10 CAPREOL CRT, M5V 4B3,2 bed,1 bath,condo
799900,3210 - 12 YORK ST, M5J 0A9,3 bed,2 bath,condo
419900,1002 - 3380 EGLINTON AVE E, M1J 3L6,2 bed,2 bath,condo
389000,905 - 80 GRANDRAVINE DR, M3J 1B2,1 bed,1 bath,condo
1529000,28 WESTLAKE CRES, M4C 2X2,4 bed,4 bath,house
1374800,169 KINGSLAKE RD, M2J 3G4,4 bed,4 bath,house
549000,2803 - 65 BREMNER BLVD, M5J 0A7,0 bed,1 bath,condo
1598888,8 GROOMSPORT CRES, M1T 2K9,5 + 1 bed,4 bath,house
980000,147 LANSDOWNE AVE, M6K 2W1,3 bed,2 bath,house
5958888,10 CICADA CRT, M3B 1G5,5 bed,8 bath,house
589000,1107 - 8 EGLINTON AVE E, M4P 0C1,1 bed,1 bath,condo
579900,616 - 676 SHEPPARD AVE E, M2K 3E7,2 bed,2 bath,condo
1875000,145 VAN HORNE AVE, M2J 2T3,6 bed,4 bath,house
2635000,5 DANIEL COZENS CRT, M2R 0A7,6 bed,6 bath,house
849900,2204 - 120 HOMEWOOD AVE, M4Y 2J3,2 bed,2 bath,condo
1579900,155 ROYALAVON CRES, M9A 2G5,4 bed,2 bath,house
529000,1203 - 1055 BAY ST, M5S 3A3,1 bed,1 bath,condo
1289000,99 FREDERICK TISDALE DR, M3K 0A8,7 bed,6 bath,townhouse
729000,1512 - 270 SCARLETT RD, M6N 4X7,2 bed,2 bath,condo
525000,9 - 2964 ISLINGTON AVE, M9L 2K6,2 bed,2 bath,townhouse
889000,1107 - 8 MCKEE AVE, M2N 7E5,4 bed,2 bath,condo
654000,1518 - 200 VICTORIA ST, M5B 1V8,1 bed,1 bath,condo
649000,504 - 1060 SHEPPARD AVE W, M3J 0G7,2 bed,2 bath,condo
455000,908 - 5 MASSEY SQ, M4C 5L6,2 bed,1 bath,condo
949000,210 - 90 QUEENS WHARF RD, M5V 0J4,3 bed,2 bath,condo
1299000,3708 - 955 BAY ST, M5S 0C6,3 bed,2 bath,condo
1295000,625 GLENCAIRN AVE, M6B 1Z6,5 bed,3 bath,house
479900,6102 - 14 YORK ST, M5J 0B1,0 bed,1 bath,condo
1049000,3211 - 33 HARBOUR SQ, M5J 2G2,1 bed,1 bath,condo
599000,1503 - 18 SPRING GARDEN AVE, M2N 7M2,2 bed,1 bath,condo
1350000,75 HAVENDALE RD, M1S 4L5,4 + 1 bed,4 bath,house
799000,202 - 5793 YONGE ST, M2M 0A9,3 bed,2 bath,condo
609900,905 - 263 WELLINGTON ST W, M5V 3E6,2 bed,1 bath,condo
599900,503 - 1 SHAW ST, M6K 0A1,1 bed,1 bath,house
2798000,1027 - 55 STEWART ST, M5V 2V1,2 + 1 bed,3 bath,condo
478000,118 - 8 MONDEO DR, M1P 5C7,1 bed,1 bath,condo
1200000,406 - 278 BLOOR ST E, M4W 3M4,1 bed,2 bath,condo
444900,625 - 36 LISGAR ST, M6J 0C7,1 bed,1 bath,condo
658000,815 - 155 BEECROFT RD, M2N 7C6,2 bed,2 bath,condo
536900,404 - 569 KING ST E, M5A 1M5,1 bed,1 bath,condo
535000,2801 - 225 SHERWAY GARDENS RD, M9C 0A3,1 + 1 bed,1 bath,condo
1749000,31 JANE OSLER BLVD, M6A 1W6,4 + 1 bed,4 bath,house
2099000,54 BANSTOCK DR, M2K 2H6,6 bed,5 bath,house
1350000,495 QUEEN ST E, M5A 1V1,4 bed,2 bath,townhouse
649000,905 - 1171 QUEEN ST W, M6J 0A5,2 bed,1 bath,condo
414900,1506 - 100 WINGARDEN CRT, M1B 2P4,2 bed,2 bath,condo
2925000,4601 - 224 KING ST W, M5H 0A6,3 bed,3 bath,condo
1700000,8 DARTNELL AVE, M5R 3A4,4 bed,2 bath,house
2388800,78 KINGSDALE AVE, M2N 3W4,4 + 1 bed,6 bath,house
999999,105 OAKMEADOW BLVD, M1E 4G8,4 + 1 bed,4 bath,house
859000,411 - 28 HOLLYWOOD AVE, M2N 6S4,4 bed,2 bath,condo
384900,315 - 100 WINGARDEN CRT, M1B 2P4,2 bed,2 bath,condo
669000,302 - 5765 YONGE ST, M2M 4H9,2 + 1 bed,2 bath,condo
599000,1202 - 42 CHARLES ST E, M4Y 0B7,1 bed,2 bath,condo
799900,2315 - 4968 YONGE ST, M2N 7G9,3 bed,2 bath,condo
525800,1512 - 1 LEE CENTRE DR, M1H 3J2,2 bed,2 bath,condo
579000,1003 - 70 QUEENS WHARF RD, M5V 0J2,1 bed,1 bath,condo
618000,S306 - 112 GEORGE ST, M8V 2S4,2 bed,1 bath,condo
3268000,217 ARMOUR BLVD, M3H 1M6,4 + 1 bed,6 bath,house
999900,11 - 365 CHURCH ST, M5B 0B5,3 bed,2 bath,condo
669000,609 - 460 ADELAIDE ST E, M5A 0E7,1 + 1 bed,1 bath,condo
749900,63 HORSESHOE CRES, M1B 4S3,3 + 1 bed,4 bath,house
438000,1120 - 88 CORPORATE DR, M1H 3G6,1 bed,1 bath,condo
619000,1102 - 52 FOREST MANOR RD, M2J 0E2,2 bed,2 bath,condo
875000,67 SAMBA DR, M9M 2N2,3 bed,1 bath,house
810000,61 FENELON DR, M3A 3K4,4 bed,1 bath,house
519900,311 - 2015 SHEPPARD AVE E, M2J 0B3,1 bed,1 bath,condo
2175000,11 RIVERCREST RD, M6S 4H4,5 bed,5 bath,house
539000,9 - 10 RODDA BLVD, M1E 2Z6,4 + 1 bed,3 bath,condo
899999,54 FORDWICH CRES, M9W 2T5,8 bed,3 bath,house
819000,208 - 33 ELMHURST AVE, M2N 6G8,3 bed,2 bath,condo
849000,903 - 71 SIMCOE ST, M5J 2S9,1 + 2 bed,2 bath,condo
2388000,51 PHEASANT RD, M2M 3H1,5 bed,5 bath,house
628000,817 - 2885 BAYVIEW AVE, M2K 0A3,2 bed,1 bath,condo
499000,716 - 451 THE WEST MALL, M9C 1G1,3 bed,2 bath,condo
2250000,288 GRACE ST, M6G 3A6,7 bed,4 bath,house
1100000,2009 - 197 YONGE ST, M5B 0C1,3 bed,2 bath,condo
1599995,635 WELLINGTON ST W, M5V 1G5,3 bed,3 bath,townhouse
848888,3615 - 75 QUEENS WHARF RD, M5V 0J8,2 bed,2 bath,condo
1649000,28 PUTNEY RD, M8W 2K7,3 + 1 bed,3 bath,house
564000,2513 - 8 PARK RD, M4W 3S5,1 bed,1 bath,condo
1449999,62 ROSETHORN AVE, M6N 3K8,4 bed,4 bath,house
579000,507 - 170 CHILTERN HILL RD, M6C 0A9,1 bed,1 bath,condo
1160000,137B FINCH AVE E, M2N 0H7,4 bed,4 bath,townhouse
619900,911 - 1 MICHAEL POWER PL, M9A 0A1,2 bed,2 bath,condo
495000,315 - 11 THORNCLIFFE PARK DR, M4H 1P3,2 bed,2 bath,condo
724960,1008 - 233 BEECROFT RD, M2N 6Z9,3 bed,2 bath,condo
417000,617 - 101 PETER ST, M5V 0G6,0 bed,1 bath,condo
499000,708 - 103 THE QUEENSWAY, M6S 5B3,1 bed,1 bath,condo
749900,2609 - 10 PARK LAWN RD, M8V 0H9,3 bed,2 bath,condo
680000,204 - 1120 BRIAR HILL AVE, M6B 0A9,2 bed,1 bath,condo
4500000,26 BEECHWOOD AVE, M2L 1J1,4 + 1 bed,7 bath,house
524900,1002 - 190 MANITOBA ST, M8Y 3Y8,1 bed,1 bath,condo
1949000,42 WARLAND AVE, M4J 3G2,6 bed,4 bath,house
1755000,1040 AVENUE RD, M5N 2C4,4 bed,3 bath,townhouse
689900,1214 - 231 FORT YORK BLVD, M5V 1B2,2 bed,1 bath,condo
639000,2301 - 5 SAINT JOSEPH ST, M4Y 0B6,1 bed,1 bath,condo
1299900,93 RANEE AVE, M6A 1N1,4 bed,2 bath,house
699000,2 LENTHALL AVE, M1B 2C6,3 bed,4 bath,house
1750000,352B Harbord St, M6G 1H7,3 bed,3 bath,townhouse
879900,808 - 3018 YONGE ST, M4N 0A5,2 bed,2 bath,condo
609000,1402 - 9 VALHALLA INN RD, M9B 0B2,2 bed,2 bath,condo
1353000,705 - 75 PORTLAND ST, M5V 2M9,1 bed,2 bath,condo
1149900,402 - 41 DOVERCOURT RD, M6J 0G6,2 bed,2 bath,condo
1649800,11C CLAIRTRELL RD, M2N 5J7,4 bed,5 bath,townhouse
874900,9 - 17 PEMBROKE ST, M5A 2N6,2 bed,2 bath,townhouse
799000,1705 - 68 SHUTER ST, M5B 0B4,3 bed,2 bath,condo
1298000,72 GALBRAITH AVE, M4B 2B5,4 bed,4 bath,house
719000,1708 - 18 PARKVIEW AVE, M2N 7H7,2 + 1 bed,2 bath,condo
849900,902 - 1 LOMOND DR, M8X 2Z3,2 bed,2 bath,condo
544900,105W - 20 FASHION ROSEWAY, M2N 6B5,2 bed,1 bath,condo
599000,307 - 899 QUEEN ST E, M4M 0C8,2 bed,1 bath,condo
2069000,208 CRAIGHURST AVE, M4R 1K2,6 bed,2 bath,house
750000,510 - 65 HARBOUR SQ, M5J 2L4,1 bed,1 bath,condo
1739000,97 GLENCREST BLVD, M4B 1L7,5 bed,5 bath,house
1350000,444 SUMACH ST, M4X 1V7,3 bed,3 bath,townhouse
1186888,181 COTTONWOOD DR, M3C 2B3,3 bed,2 bath,house
1388000,628 HILLSDALE AVE E, M4S 1V3,4 bed,2 bath,house
579000,2029 - 3031 FINCH AVE W, M9M 0A3,4 bed,3 bath,townhouse
639000,4507 - 85 QUEENS WHARF RD, M5V 0J9,1 bed,1 bath,condo
1069000,204 - 200 WOODBINE AVE, M4L 3P2,2 + 1 bed,2 bath,condo
1295000,472 CRAWFORD ST, M6G 3J8,5 bed,3 bath,house
465000,#PH04 -5 MASSEY SQ, M4C 5L6,2 bed,1 bath,condo
599900,210 - 77 MAITLAND PL, M4Y 2V6,1 bed,1 bath,condo
969000,75 LANGHOLM DR, M3M 2R7,3 bed,2 bath,house
885000,2401 - 35 BALMUTO ST, M4Y 0A3,2 bed,2 bath,condo
1999999,65 DERWYN RD, M4J 4N1,4 + 1 bed,4 bath,house
759900,1413 - 386 YONGE ST, M5B 0A5,1 + 1 bed,1 bath,condo
4199000,4702 - 183 WELLINGTON ST W, M5V 0A1,3 bed,3 bath,condo
559000,3307 - 397 FRONT ST W, M5V 3S1,1 bed,1 bath,condo
1475000,136 - 20 INN ON THE PARK DR, M3C 2J7,2 bed,3 bath,condo
999000,6 BUCKHURST CRES, M1S 4C4,6 bed,4 bath,house
535000,1612 - 17 ZORRA ST, M8Z 0C8,1 bed,1 bath,condo
494800,706 - 1328 BIRCHMOUNT RD, M1R 0B6,2 bed,1 bath,condo
525000,501 - 2 CLAIRTRELL RD, M2N 7H5,1 bed,1 bath,condo
1699000,7 WINSTON GROVE, M8Y 2K7,3 bed,3 bath,house
1819000,48 CAMBERWELL RD, M6C 3E8,4 bed,3 bath,house
1785000,21 BURLEIGH HEIGHTS DR, M2K 1Y8,3 bed,3 bath,house
679000,306 - 12 YONGE ST, M5E 1Z9,2 bed,1 bath,condo
1350000,81 DECARIE CIR, M9B 3J1,4 bed,3 bath,house
1749500,356 Harbord St, M6G 1H7,3 + 1 bed,3 bath,townhouse
639900,#Sph32 1 Edgewater Dr, M5A 0L1,1 bed,1 bath,condo
599000,1509 - 1910 LAKE SHORE BLVD W, M6S 1A2,2 bed,1 bath,condo
1399000,85 ST JOHNS RD, M6P 1T8,5 bed,3 bath,house
529900,805 - 1328 BIRCHMOUNT RD, M1R 0B6,2 + 1 bed,2 bath,condo
569900,913 - 210 SIMCOE ST, M5T 0A9,1 bed,1 bath,condo
5798000,133 BEDFORD RD, M5R 2K7,5 bed,5 bath,house
695500,308 - 77 LOMBARD ST, M5C 3E1,1 bed,2 bath,condo
849900,22 TEDDER ST, M6M 4X1,4 bed,3 bath,house
958888,3908 - 42 CHARLES ST E, M4Y 0B7,2 bed,1 bath,condo
670000,89 - 30 FIELDWAY RD, M8Z 0E3,2 bed,2 bath,townhouse
799000,8 COLLEGE ST, M9V 1H3,2 bed,1 bath,house
698000,212 - 30 HARRISON GARDEN BLVD, M2N 7A9,2 bed,1 bath,condo
1899000,90 GARTHDALE CRT, M3H 5P9,5 bed,6 bath,house
949888,3303 - 33 BAY ST, M5J 2Z3,3 bed,2 bath,condo
1499800,1123 - 39 QUEENS QUAY E, M5E 0A5,2 bed,2 bath,condo
799000,18 COLLEGE ST, M9V 1H3,3 bed,1 bath,house
515000,704 - 225 SHERWAY GARDENS RD, M9C 0A3,2 bed,1 bath,condo
1095000,302 - 45 DOVERCOURT RD, M6J 3C2,2 bed,2 bath,townhouse
425000,1212 - 2 GLAMORGAN AVE, M1P 2M8,1 bed,1 bath,condo
1988000,24 HARGROVE LANE, M8W 4T8,4 + 2 bed,5 bath,house
699900,401 - 23 BRANT ST, M5V 2L5,1 bed,1 bath,condo
1485000,33 RAINBOW CREEK WAY, M2K 2T9,3 bed,3 bath,townhouse
699900,3312 - 18 YONGE ST, M5E 1Z8,2 bed,2 bath,condo
2499000,165 OLD SHEPPARD AVE, M2J 3M2,4 bed,6 bath,house
1788000,188 GREENFIELD AVE, M2N 3E3,5 bed,3 bath,house
1088000,22 HEATHERINGTON DR, M1T 1N4,4 + 1 bed,2 bath,house
459900,1603 - 40 PANORAMA CRT, M9V 4M1,3 bed,2 bath,condo
4988000,48 SANDFIELD RD, M3B 3K1,4 + 1 bed,6 bath,house
2899000,298 GLEN PARK AVE, M6B 2E5,5 bed,5 bath,house
1098800,#TPH-01 -621 SHEPPARD AVE E, M2K 1B5,2 bed,2 bath,condo
569900,210 - 39 BRANT ST, M5V 0M8,1 bed,1 bath,condo
450000,723 - 1 KING ST W, M5H 1A1,0 bed,1 bath,condo
3328000,30 JUNEWOOD CRES, M2L 2C4,5 + 2 bed,5 bath,house
459900,1811 - 40 PANORAMA CRT, M9V 4M1,3 bed,2 bath,condo
699900,137 - 3 EVERSON DR, M2N 7C2,3 bed,2 bath,townhouse
999000,13 Birchbank Lane, M3B 2Y3,3 bed,3 bath,condo
959000,642 - 155 DALHOUSIE ST, M5B 2P7,3 bed,2 bath,condo
559999,815 - 18 HOLMES AVE, M2N 0E1,2 bed,1 bath,condo
1399900,712 - 1100 KINGSTON RD, M1N 0B3,3 bed,3 bath,condo
1999999,211 BERING AVE, M8Z 3A4,4 + 1 bed,2 bath,house
1589000,#Lph3607 33 Shore Breeze Dr, M8V 1A1,2 + 1 bed,3 bath,condo
1358000,52 ALTAMONT RD, M2M 1S7,3 bed,2 bath,house
698000,224 - 28 WILLIAM CARSON CRES, M2P 2H1,2 bed,1 bath,condo
1799000,715 - 39 QUEENS QUAY E, M5E 0A5,3 bed,3 bath,condo
1250000,415 MARGUERETTA ST, M6H 3S6,3 bed,2 bath,house
1849900,15 EDGEWOOD AVE, M4L 3G8,3 + 1 bed,4 bath,house
778800,1103 - 21 NELSON ST, M5V 3H9,2 bed,2 bath,condo
850000,38 RUMI CRES, M4A 2X6,4 bed,4 bath,townhouse
20000,15 NORTHTOWN WAY, M2N 7A2,N/A bed,N/A bath,house
749900,#Lph09 16 Harrison Garden Blvd, M2N 7J6,1 bed,1 bath,condo
1528000,504 - 1 BLOOR ST E, M4W 0A8,3 bed,2 bath,condo
684900,2402 - 18 YONGE ST, M5E 1Z8,2 bed,2 bath,condo
568900,515 - 29 SINGER CRT, M2K 0B3,1 + 1 bed,1 bath,condo
469900,701 - 28 WELLESLEY ST E, M4Y 0C4,0 bed,1 bath,condo
499999,120 DALLIMORE CIRC, M3C 4J1,2 bed,1 bath,condo
489990,2004 - 1328 BIRCHMOUNT RD, M1R 0B6,2 bed,1 bath,condo
690000,325 - 255 SOUTH KINGSWAY, M6S 3V2,1 bed,2 bath,condo
608888,413 - 5 SAINT JOSEPH ST, M4Y 0B6,1 bed,1 bath,condo
2189000,7 FREEMAN RD, M6M 4E7,4 bed,5 bath,house
2450000,413 - 39 QUEENS QUAY E, M5E 0A5,2 + 1 bed,2 bath,condo
379000,510 - 15 LONDON GREEN CRT, M3N 1K4,3 bed,2 bath,condo
615000,1307 - 3237 BAYVIEW AVE, M2K 0G1,2 bed,2 bath,condo
1649000,34 THATCHER AVE, M1M 2M2,5 bed,5 bath,house
749900,829 - 1 SHAW ST, M6K 0A1,2 bed,2 bath,condo
499000,603 - 4725 SHEPPARD AVE E, M1S 5B2,3 bed,2 bath,condo
998000,74 DRYDEN WAY, M9R 0B2,4 bed,4 bath,townhouse
1695000,199 RANDALL CRES, M1M 3J9,6 bed,6 bath,house
915000,401 - 380 MACPHERSON AVE, M4V 3E3,2 bed,1 bath,condo
624900,903 - 68 MERTON ST, M4S 0A7,1 bed,1 bath,condo
574999,2017 - 65 EAST LIBERTY ST, M6K 3R2,1 bed,1 bath,condo
4899000,41 BERRYMAN ST, M5R 1M7,3 bed,3 bath,house
659000,2709 - 426 UNIVERSITY AVE, M5G 1S9,1 bed,1 bath,condo
835000,627 - 255 SOUTH KINGSWAY, M6S 3V2,1 bed,2 bath,condo
2788000,91 MONA DR, M5N 2R3,4 + 1 bed,4 bath,house
919000,55 HAYNES AVE, M3J 0C3,8 bed,7 bath,house
439900,506 - 61 HEINTZMAN ST, M6P 5A2,1 bed,1 bath,condo
6595000,98 ALEXANDRA BLVD, M4R 1M2,7 bed,5 bath,house
1950000,945 LOGAN AVE, M4K 3E3,5 + 1 bed,4 bath,house
1449000,291 GAMMA ST, M8W 4G9,3 + 1 bed,4 bath,house
1769000,113 TIAGO AVE, M4B 2A4,5 bed,5 bath,house
679990,1909 - 20 BRUYERES MEWS, M5V 0G8,2 bed,1 bath,condo
729900,604 - 980 YONGE ST, M4W 3V8,1 bed,1 bath,condo
529900,402 - 2015 SHEPPARD AVE E, M2J 0B3,1 bed,1 bath,condo
728000,2611 - 10 NORTHTOWN WAY, M2N 7L4,2 bed,2 bath,condo
499000,210 - 555 WILSON HEIGHTS BLVD, M3H 6B5,2 bed,2 bath,condo
868000,6901 - 100 HARBOUR ST, M5J 0B5,1 bed,1 bath,condo
399000,1709 - 100 WINGARDEN CRT, M1B 2P4,2 bed,2 bath,condo
1800000,98 BOGERT AVE, M2N 1K6,3 bed,2 bath,house
610000,728 - 21 ICEBOAT TERR, M5V 4A9,1 + 1 bed,1 bath,condo
1050000,#PH07 -2 FIELDWAY RD, M8Z 0B9,2 bed,2 bath,condo
1588800,76 VIRGINIA AVE, M4C 2S9,3 bed,3 bath,house
699000,36 JIM BAIRD MEWS, M3L 0C6,3 bed,3 bath,townhouse
724999,4107 - 159 DUNDAS ST E, M5B 0A9,2 bed,2 bath,condo
1080888,105 BUDEA CRES, M1R 4V8,6 bed,3 bath,house
899900,2418 - 30 SHORE BREEZE DR, M8V 0J1,2 bed,2 bath,condo
899000,162 EDMONTON DR, M2J 3X1,3 + 3 bed,3 bath,house
828000,533 - 39 QUEENS QUAY E, M5E 0A5,1 + 1 bed,1 bath,condo
1299900,492 MCROBERTS AVE, M6E 4R4,3 bed,4 bath,house
1298000,119 - 35 HOLLYWOOD AVE, M2N 0A9,3 bed,2 bath,condo
649900,907 - 85 BLOOR ST E, M4W 3Y1,2 bed,1 bath,condo
889000,1206 - 85 QUEENS WHARF RD, M5V 0J9,3 bed,2 bath,condo
679900,201 - 20 SOUTHPORT ST, M6S 4Y8,3 bed,2 bath,condo
649000,101 - 85 EAST LIBERTY ST, M6K 3R4,2 bed,2 bath,condo
575000,1652 - 25 VIKING LANE, M9B 0A1,2 bed,1 bath,condo
789000,805 - 15 WINDERMERE AVE, M6S 5A2,3 bed,2 bath,condo
2298000,115 LEACREST RD, M4G 1E7,3 bed,3 bath,house
569000,2208 - 103 THE QUEENSWAY, M6S 5B3,1 bed,1 bath,condo
588888,1810 - 85 QUEENS WHARF RD, M5V 0J9,1 bed,1 bath,condo
398000,505 - 480 MCLEVIN AVE, M1B 5N9,1 bed,1 bath,condo
549500,412 - 3091 DUFFERIN ST, M6A 0C4,1 + 1 bed,1 bath,condo
1950000,403 - 80 PALACE PIER CRT, M8V 4C1,2 bed,3 bath,condo
549900,109 - 10 MENDELSSOHN ST, M1L 0G7,2 bed,2 bath,condo
649000,5306 - 12 YORK ST, M5J 0A9,2 bed,1 bath,condo
699900,508 - 390 CHERRY ST, M5A 0E2,2 bed,1 bath,condo
1568000,1012 OSSINGTON AVE, M6G 3V6,4 + 2 bed,3 bath,house
539000,1109 - 28 PEMBERTON AVE, M2M 4L1,1 bed,1 bath,condo
1259000,311 - 501 ADELAIDE ST W, M5V 0R3,3 bed,2 bath,condo
449900,3008 - 255 VILLAGE GREEN SQ, M1S 0L7,1 bed,1 bath,condo
780000,4508 - 295 ADELAIDE ST W, M5V 0L4,2 bed,1 bath,condo
879000,304 - 10 BLOORVIEW PL, M2J 0B1,2 bed,2 bath,condo
549900,1101 - 62 FOREST MANOR RD, M2J 0B6,2 bed,1 bath,condo
549000,3906 - 10 PARK LAWN RD, M8V 0H9,1 bed,1 bath,condo
1649000,49 BURLINGAME RD, M8W 1Y9,4 + 1 bed,4 bath,house
375000,22 - 7 BRIMLEY RD S, M1M 3W3,1 bed,1 bath,house
799000,1609 - 33 UNIVERSITY AVE, M5J 2S7,3 bed,2 bath,condo
864900,3133 ST CLAIR AVE E, M1L 1V2,4 bed,2 bath,house
2189000,17 GOLFDALE RD, M4N 2B5,5 bed,4 bath,house
1099000,1412 - 208 QUEENS QUAY W, M5J 2Y5,3 bed,2 bath,condo
599000,607 - 330 RICHMOND ST W, M5V 0M4,1 bed,1 bath,condo
488888,2711 - 4968 YONGE ST, M2N 7G9,1 bed,1 bath,condo
1688000,259 PLEASANT AVE, M2M 1M7,3 + 1 bed,2 bath,house
2598000,1 - 15 SCARTH RD, M4W 2S5,3 bed,3 bath,condo
1099000,290 GILBERT AVE, M6E 4W7,3 bed,3 bath,house
476000,43 - 87 DRIFTWOOD AVE, M3N 2M7,4 bed,2 bath,townhouse
799000,4109 - 5 SAINT JOSEPH ST, M4Y 0B6,1 + 1 bed,1 bath,condo
1299000,831 PAPE AVE, M4K 3T4,3 + 1 bed,3 bath,house
685000,2109 - 5791 YONGE ST, M2M 0A8,2 bed,2 bath,condo
958000,1708 - 32 DAVENPORT RD, M5R 0B5,2 bed,2 bath,condo
709900,2211 - 16 BONNYCASTLE ST, M5A 0C9,1 bed,1 bath,condo
899000,722 - 510 KING ST E, M5A 0E5,3 bed,2 bath,condo
659900,1007 - 2087 LAKE SHORE BLVD W, M8V 4G3,2 bed,2 bath,condo
399900,1507 - 320 DIXON RD, M9R 1S8,3 bed,2 bath,condo
414000,1206 - 3311 KINGSTON RD, M1M 1R1,2 bed,1 bath,condo
1699000,3711 - 80 JOHN ST, M5V 3X4,3 bed,2 bath,condo
899000,2205 - 355 KING ST W, M5V 1J5,2 + 1 bed,2 bath,condo
935000,3 - 2 CLAIRTRELL RD, M2N 7H5,3 bed,2 bath,condo
3149000,402 - 500 WELLINGTON ST W, M5V 1E3,4 bed,4 bath,condo
1059000,501 - 133 HAZELTON AVE, M5R 0A6,1 bed,1 bath,condo
748000,2621 - 5 SHEPPARD AVE E, M2N 0G4,1 bed,1 bath,condo
1689000,103 KENILWORTH AVE, M4L 3S4,5 bed,4 bath,house
699900,303 - 55 BLOOR ST E, M4W 3W6,2 bed,2 bath,condo
829000,88 PHARMACY AVE, M1L 3E5,6 bed,2 bath,house
575000,324 - 22 LEADER LANE, M5E 0B2,2 bed,1 bath,condo
1648000,5001 - 1 BLOOR ST E, M4W 0A8,3 bed,3 bath,condo
675000,7 - 275 BAMBURGH CIR, M1W 3X4,2 bed,2 bath,condo
1198000,279 CORNELIUS PKY, M3K 1T6,7 bed,3 bath,house
899999,60 TREHORNE DR, M9P 1N9,5 bed,3 bath,house
988000,1405 - 10 YORK ST, M5J 0E1,2 bed,2 bath,condo
749900,25 COXWORTH CRES, M1B 1E2,5 bed,2 bath,house
499000,906 - 80 ESTHER LORRIE DR, M9W 0C6,2 bed,2 bath,condo
3495000,47 GLENGOWAN RD, M4N 1G1,7 bed,5 bath,house
599900,501 - 5418 YONGE ST, M2N 6X4,2 bed,2 bath,condo
579999,2406 - 10 PARK LAWN RD, M8V 0H9,1 bed,1 bath,condo
499000,3902 - 101 PETER ST, M5V 0G6,0 bed,1 bath,condo
1280000,119 CLOVELLY AVE, M6E 2E7,3 + 1 bed,4 bath,house
539800,809 - 2220 LAKE SHORE BLVD W, M8V 0C1,1 bed,1 bath,condo
4500000,#PH01E -500 QUEENS QUAY W, M5V 3K8,6 bed,4 bath,condo
949900,59 COUNCIL CRES, M3J 1J5,3 bed,2 bath,house
456900,1510 - 236 ALBION RD, M9W 6A6,3 bed,2 bath,condo
728000,2608 - 75 ST NICHOLAS ST, M4Y 0A5,1 bed,1 bath,condo
2998800,184 HOLMES AVE, M2N 4M8,6 bed,6 bath,house
1439000,54 RISDON CRT, M9C 4E7,6 bed,4 bath,house
929000,1226 - 80 HARRISON GARDEN BLVD, M2N 7E3,3 bed,2 bath,condo
1649000,19 ELDERFIELD CRES, M9C 3K6,4 + 2 bed,4 bath,house
1390000,219 WHEELER AVE, M4L 3V7,3 bed,1 bath,house
588000,1807 - 14 YORK ST, M5J 0B1,2 bed,1 bath,condo
549900,138 - 34 FIELDWAY RD, M8Z 0E3,2 bed,1 bath,townhouse
4580000,269 UPPER HIGHLAND CRES, M2P 1V4,5 bed,5 + 2 bath,house
599999,1106 - 736 BAY ST, M5G 2M4,1 bed,1 bath,condo
475900,509 - 39 KIMBERCROFT CRT, M1S 5B5,2 + 1 bed,2 bath,condo
3498000,39 TREMONT CRES, M3B 2R9,4 + 1 bed,7 bath,house
1799000,1808 - 111 ST CLAIR AVE W, M4V 1N5,4 bed,3 bath,condo
1775000,374 HILLSDALE AVE E, M4S 1T8,3 bed,3 bath,house
1200000,104 - 30 OLD MILL RD, M8X 0A5,2 bed,2 bath,condo
2388000,41 FRANKLIN AVE, M2N 1B8,5 bed,5 bath,house
1448000,87 HARLANDALE AVE, M2N 1N9,3 bed,2 bath,house
2988000,1054 LILLIAN ST, M2M 3G4,5 + 2 bed,6 bath,house
1399000,4 BRAYWIN DR, M9P 2P1,3 bed,2 bath,house
1999900,#PH 9 -32 TROLLEY CRES, M5A 0Z8,3 bed,3 bath,condo
1499000,14 GORE ST, M6J 2C6,3 bed,4 bath,house
999999,2302 - 59 EAST LIBERTY ST, M6K 3R1,2 bed,2 bath,condo
685000,3905 - 20 SHORE BREEZE DR, M8V 0C7,1 + 1 bed,1 bath,condo
724900,3510 - 2200 LAKE SHORE BLVD W, M8V 1A4,2 bed,2 bath,condo
2248888,10 MAGPIE CRES, M2L 2E5,4 bed,4 bath,house
389900,608 - 8 SILVERBELL GROVE, M1B 4Z3,3 bed,2 bath,condo
2988000,25 ARTINGER CRT, M3B 1J9,4 bed,5 bath,house
709000,1603 - 115 MCMAHON DR, M2K 0E3,2 bed,2 bath,condo
555000,1808 - 231 FORT YORK BLVD, M5V 1B2,1 bed,1 bath,condo
1949000,327 KENILWORTH AVE, M4L 3S9,6 bed,3 bath,house
1599900,104 SHELBORNE AVE, M5N 1Z3,3 + 1 bed,3 bath,house
1499900,12 - 40 WESTMORELAND AVE, M6H 2Z7,2 bed,3 bath,condo
939900,614 - 159 DUNDAS ST E, M5B 0A9,2 bed,2 bath,condo
639000,103 - 1 CLAIRTRELL RD, M2N 7H6,1 + 1 bed,1 bath,condo
5488000,66 FOREST GROVE DR, M2K 1Z6,6 bed,8 bath,house
729000,706 - 45 CHARLES ST E, M4Y 0B8,1 bed,1 bath,condo
1298888,95 CLONMORE DR, M1N 1X9,5 bed,2 bath,house
619000,1004 - 318 RICHMOND ST W, M5V 0B4,1 bed,1 bath,condo
1498000,96 HARDING AVE, M6M 3A5,4 bed,3 bath,house
499000,2703 - 115 BLUE JAYS WAY, M5V 0N4,0 bed,1 bath,condo
584900,1002 - 25 SUNRISE AVE, M4A 2S2,3 bed,2 bath,condo
539000,309 - 28 WELLESLEY ST E, M4Y 0C4,1 bed,1 bath,condo
698800,510 - 77 LOMBARD ST, M5C 3E1,2 bed,2 bath,condo
419000,1808 - 40 PANORAMA CRT, M9V 4M1,2 bed,1 bath,condo
1599000,309 - 625 QUEEN ST E, M4M 1G7,2 bed,3 bath,condo
2548000,271 CLAREMONT ST, M6J 2N1,4 + 1 bed,5 bath,house
3999000,194 NEVILLE PARK BLVD, M4E 3P8,4 bed,5 bath,house
1699000,2116 - 20 BLUE JAYS WAY, M5V 3W6,2 + 1 bed,3 bath,condo
929990,213 - 1603 EGLINTON AVE W, M6E 2H1,3 bed,3 bath,condo
575000,3609 - 55 BREMNER BLVD, M5J 0A6,1 bed,1 bath,condo
1490000,102 DREWRY AVE, M2M 1C8,4 bed,2 bath,house
879000,1011 - 89 MCGILL ST, M5B 0B1,2 bed,2 bath,condo
1499900,153 CRAVEN RD, M4L 2Z4,4 bed,3 bath,house
775000,1703 - 181 DUNDAS ST E, M5A 0N5,2 bed,1 bath,condo
625000,108 - 8835 SHEPPARD AVE E, M1B 0E3,3 bed,2 bath,townhouse
1958000,25 WILMINGTON AVE, M3H 5J1,3 bed,5 bath,house
339900,1106 - 50 LOTHERTON PTWAY, M6B 2G7,3 bed,1 bath,condo
569000,1006 - 1461 LAWRENCE AVE W, M6L 1B2,2 bed,2 bath,condo
1799000,17 ARRAN CRES, M2M 2W8,4 bed,5 bath,house
3199000,91 MERVYN AVE, M9B 1N6,4 + 1 bed,6 bath,house
1099000,15 CHIMES LANE, M8Y 4H8,4 bed,3 bath,townhouse
499900,1509 - 80 WESTERN BATTERY RD, M6K 3S1,0 bed,1 bath,condo
649900,413 - 17 BARBERRY PL, M2K 3E2,2 bed,2 bath,condo
699000,1409 - 18 GRAYDON HALL DR, M3A 0A4,2 bed,2 bath,condo
508000,3607 - 42 CHARLES ST E, M4Y 0B7,0 bed,1 bath,condo
499000,1405 - 78 HARRISON GARDEN BLVD, M2N 7E2,1 bed,1 bath,condo
585000,611 - 2015 SHEPPARD AVE E, M2J 0B3,2 bed,1 bath,condo
3188888,2621 BAYVIEW AVE, M2L 1B6,4 bed,3 bath,house
539900,2110 - 1 LEE CENTRE DR, M1H 3J2,2 bed,2 bath,condo
1200000,248 PAPE AVE, M4M 2W5,6 bed,3 bath,house
419000,1401 - 1461 LAWRENCE AVE W, M6L 1B2,2 bed,1 bath,condo
2299000,15 ALDERSHOT CRES, M2P 1L7,3 bed,2 bath,house
999999,488 WHITMORE AVE, M6E 2N8,4 bed,2 bath,house
1399990,16 CLAYLAND DR, M3A 2A4,4 bed,4 bath,house
544900,508 - 621 SHEPPARD AVE E, M2K 0G4,2 bed,1 bath,condo
1599900,43 MILLVIEW CRES, M9W 3K6,5 + 1 bed,5 bath,house
849000,145 - 10 MERCHANT LANE, M6P 4J6,3 + 1 bed,2 bath,condo
995000,508 - 20 SHORE BREEZE DR, M8V 0C7,2 + 1 bed,2 bath,condo
1080000,701 - 8 YORK ST, M5J 2Y2,2 bed,2 bath,condo
599999,202 - 100 CANYON AVE, M3H 5T9,3 bed,2 bath,condo
2398000,2 - 290 ST CLAIR AVE W, M4V 1S3,3 bed,3 bath,townhouse
569900,702 - 830 LAWRENCE AVE W, M6A 0B6,2 bed,1 bath,condo
999998,9 JASMINE RD, M9M 2P8,5 bed,2 bath,house
495000,809 - 8 MERCER ST, M5V 0C4,0 bed,1 bath,condo
699900,1506 - 3000 BATHURST ST, M6B 3B4,2 bed,2 bath,condo
3500000,106 FRONTENAC AVE, M5N 1Z9,4 + 1 bed,6 bath,house
459900,1808 - 5 MASSEY SQ, M4C 5L6,2 bed,1 bath,condo
399900,1203 - 100 WINGARDEN CRT, M1B 2P4,2 bed,2 bath,condo
980000,2404 - 75 ST NICHOLAS ST, M4Y 0A5,2 bed,2 bath,condo
1099000,3806 - 85 QUEENS WHARF RD, M5V 0J9,3 bed,2 bath,condo
630000,612 - 175 HILDA AVE, M2M 1V8,3 bed,2 bath,condo
1248000,131 SHAUGHNESSY BLVD, M2J 1J7,3 + 1 bed,2 bath,house
699900,84 - 30 FIELDWAY RD, M8Z 0E3,2 bed,1 bath,townhouse
798000,1402 - 295 ADELAIDE ST W, M5V 0L4,2 bed,2 bath,condo
499900,2004 - 1470 MIDLAND AVE, M1P 4Z4,2 bed,2 bath,condo
550000,104 - 2330 BRIDLETOWNE CIR, M1W 3P6,2 bed,2 bath,condo
479999,314 - 3050 ELLESMERE RD, M1E 5E6,2 bed,2 bath,condo
578999,313 - 1328 BIRCHMOUNT RD, M1R 0B6,3 bed,2 bath,condo
2349900,2 GRENADIER HTS, M6S 2W6,6 bed,4 bath,house
589000,126 - 19 APPLEWOOD LANE, M9C 0C1,2 bed,3 bath,condo
1080000,3509 - 1 BLOOR ST E, M4W 0A8,2 bed,2 bath,condo
1198000,85 REDHEUGH CRES, M1W 3C4,4 bed,4 bath,house
698000,612 - 2522 KEELE ST, M6L 0A2,3 bed,2 bath,condo
849990,78 MEIGHEN AVE, M4B 2H5,3 bed,2 bath,house
1420000,547 DONLANDS AVE, M4J 3S4,4 + 2 bed,3 bath,house
2495000,20 ELAINE LENNOX CRT, M1B 0C1,4 + 1 bed,6 bath,house
620000,316 - 168 SIMCOE ST, M5H 4C9,1 bed,1 bath,condo
725900,2131 - 115 GEORGE APPLETON WAY, M3M 0A2,4 bed,2 bath,townhouse
659000,608 - 400 ADELAIDE ST E, M5A 4S3,2 bed,2 bath,condo
2488000,139 CAMERON AVE, M2N 1E4,5 bed,4 bath,house
3780000,39 MUNRO BLVD, M2P 1C1,4 + 1 bed,5 bath,house
1688000,21 CHRISTINE CRES, M2R 1A4,6 bed,4 bath,house
547000,208 - 501 ST CLAIR AVE W, M5P 0A2,2 bed,1 bath,condo
1289000,1989 DAVENPORT RD, M6N 1C5,6 bed,3 bath,house
959000,10 - 57 FINCH AVE W, M2N 2H3,2 bed,3 bath,townhouse
559900,1103 - 33 MILL ST, M5A 3R3,1 bed,1 bath,condo
634000,1912 - 150 EAST LIBERTY ST, M6K 3R5,1 bed,1 bath,condo
399900,601 - 238 ALBION RD, M9W 6A7,2 bed,1 bath,condo
499000,702 - 576 FRONT ST W, M5V 0P8,1 bed,1 bath,condo
869900,1706 - 609 AVENUE RD, M4V 0B1,2 bed,2 bath,condo
1048000,43C GREEN BELT DR, M3C 1L8,4 bed,3 bath,townhouse
1520000,24 MAXOME AVE, M2M 3J9,4 bed,3 bath,house
2688000,157 BURNETT AVE, M2N 1V6,5 bed,5 bath,house
795000,203 - 732 SHEPPARD AVE W, M3H 2S8,3 bed,3 bath,townhouse
1498000,402 - 20 BURKEBROOK PL, M4G 0A1,3 bed,3 bath,condo
630000,1805 - 44 SAINT JOSEPH ST, M4Y 2W4,1 bed,1 bath,condo
599900,3111 - 14 YORK ST, M5J 0B1,1 + 1 bed,1 bath,condo
569900,1811 - 55 BREMNER BLVD, M5J 0A6,1 + 1 bed,1 bath,condo
699999,602 - 65 EAST LIBERTY ST, M6K 3R2,2 bed,2 bath,condo
1299000,#TH11 -121 MCMAHON DR, M2K 0C2,3 bed,4 bath,townhouse
469999,Brimley And 401, M1P 5J4,1 + 1 bed,1 bath,condo
668844,1812 - 61 RICHVIEW RD, M9A 4M8,3 + 1 bed,2 bath,condo
598000,114 - 510 KINGBIRD GROVE, M1B 0E4,3 bed,2 bath,townhouse
1998800,2590 KENNEDY RD, M1T 3H1,4 + 3 bed,6 bath,house
1000000,100 DAVID DUNLAP CIRC, M3C 4C1,4 bed,3 bath,townhouse
775000,1601 - 18 HARBOUR ST, M5J 2Z6,2 bed,2 bath,condo
879000,6 BEN NEVIS DR, M1H 1M7,3 bed,2 bath,house
1979000,15 BOURNEMOUTH RD, M9A 2C4,4 bed,3 bath,house
4498000,99 KINGSDALE AVE, M2N 3W5,7 bed,7 bath,house
617500,410 - 900 MOUNT PLEASANT RD, M4P 3J9,1 bed,1 bath,condo
579000,405 - 14 NEILSON DR, M9C 1V6,3 bed,2 bath,condo
649000,1401 - 78 TECUMSETH ST, M5V 0A9,2 bed,1 bath,condo
479000,207 - 29 PEMBERTON AVE, M2M 4L5,1 bed,1 bath,condo
579000,802 - 80 QUEENS WHARF RD, M5V 0J3,1 bed,1 bath,condo
819000,2307 - 2 ANNDALE DR, M2N 0G5,2 bed,2 bath,condo
2985000,#PH 01 -388 RICHMOND ST W, M5V 3P1,3 bed,3 bath,condo
640000,1712 - 30 SHORE BREEZE DR, M8V 0J1,2 bed,1 bath,condo
749990,3305 - 36 PARK LAWN RD, M8V 0E5,2 bed,2 bath,condo
464900,2801 - 38 LEE CENTRE DR, M1H 3J7,2 bed,1 bath,condo
750000,75 CAROLBREEN SQ, M1V 1J1,5 bed,2 bath,house
1449000,32 PORTLAND ST, M8Y 1A5,3 bed,3 bath,house
545000,615 - 35 HAYDEN ST, M4Y 3C3,1 bed,1 bath,condo
1098000,610 - 15 MERCHANTS WHARF, M5A 0N8,2 bed,2 bath,condo
974900,6 - 80 EASTWOOD PARK GDNS, M8W 0B2,3 bed,2 + 1 bath,townhouse
699000,415 - 60 COLBORNE ST, M5E 0B7,2 bed,1 bath,condo
999000,404 - 1121 BAY ST, M5S 3L9,2 bed,2 bath,condo
5890000,23 MONTRESSOR DR, M2P 1Y9,5 + 1 bed,8 bath,house
729900,1203 - 20 BLOORVIEW PL, M2J 0A6,2 bed,2 bath,condo
588000,1707 - 7 LORRAINE DR, M2N 7H2,2 bed,1 bath,condo
697700,409 - 270 WELLINGTON ST W, M5V 3P5,2 bed,1 bath,condo
999000,1504 - 170 AVENUE RD, M5R 0A4,2 bed,2 bath,condo
1428000,80 VANAULEY ST, M5T 0C9,3 bed,3 bath,condo
1699999,70 GRACEFIELD AVE, M6L 1L1,4 bed,4 bath,house
2200000,288 JOHNSTON AVE, M2N 1H6,4 bed,5 bath,house
2298000,44 A MORNINGSIDE AVE, M6S 1C5,4 bed,5 bath,house
879000,780 - 209 FORT YORK BLVD, M5V 4A1,2 + 1 bed,2 bath,condo
669900,2805 - 45 CHARLES ST E, M4Y 0B8,1 bed,1 bath,condo
1489000,46 PORTAGE AVE, M9N 3G7,6 bed,4 bath,house
2288000,53 SUNNYPOINT CRES, M1M 1B8,4 bed,3 bath,house
780000,1121 - 386 YONGE ST, M5B 0A5,2 bed,1 bath,condo
1999900,101 HOMESTEAD RD, M1E 3S1,5 + 4 bed,3 bath,house
899999,44 AMESBURY DR, M6M 4H6,4 bed,2 bath,house
899000,129 - 1 BENVENUTO PL, M4V 2L1,1 + 1 bed,1 bath,condo
2988000,23 RIALTO DR, M3A 2N7,5 bed,7 bath,house
848000,1570 - 209 FORT YORK BLVD, M5V 4A1,3 bed,2 bath,condo
527500,320 - 501 ST CLAIR AVE W, M5P 0A2,1 bed,1 bath,condo
1990000,3161 BAYVIEW AVE, M2K 1G2,5 bed,4 bath,house
945000,2520 - 35 HOLLYWOOD AVE, M2N 0A9,3 bed,2 bath,condo
1200000,6108 - 14 YORK ST, M5J 0B1,2 bed,2 bath,condo
484999,1006 - 400 MCLEVIN AVE, M1B 5J4,2 bed,2 bath,condo
2680000,222 HOLLYWOOD AVE, M2N 3K6,7 bed,7 bath,house
1999000,680 BROWNS LINE, M8W 3V9,4 bed,4 bath,house
1699900,298 SEATON ST, M5A 2T7,5 bed,3 bath,house
1933333,307 EMPRESS AVE, M2N 3V5,3 bed,1 bath,house
1198000,2807 - 300 BLOOR ST E, M4W 3Y2,2 bed,2 bath,condo
699000,N504 - 455 FRONT ST E, M5A 0G2,2 bed,2 bath,condo
575000,323 - 27 REAN DR, M2K 0A6,2 bed,1 bath,condo
758800,608 - 284 BLOOR ST W, M5S 3B8,2 bed,1 bath,condo
445000,1025 - 1 KING ST W, M5H 1A1,0 bed,1 bath,condo
2285000,B - 243 A LYTTON BLVD, M5N 1R7,3 bed,3 bath,townhouse
1249000,1210 - 130 CARLTON ST, M5A 4K3,2 bed,2 bath,condo
730000,4103 - 2230 LAKE SHORE BLVD W, M8V 0B2,2 bed,2 bath,condo
1199900,4704 - 12 YORK ST, M5J 0A9,4 bed,2 bath,condo
3875000,27 BOSWELL AVE, M5R 1M5,3 bed,4 bath,house
849900,1409 - 1603 EGLINTON AVE W, M6E 0A1,3 bed,2 bath,condo
889900,1904 - 20 SHORE BREEZE DR, M8V 0C7,2 bed,2 bath,condo
2588000,67 MOSSGROVE TRAIL, M2L 2W2,4 + 2 bed,6 bath,house
3990000,127 BANNOCKBURN AVE, M5M 2N2,5 bed,5 bath,house
668800,712 - 101 ERSKINE AVE, M4P 0C5,2 bed,1 bath,condo
960000,310 - 2045 LAKE SHORE BLVD W, M8V 2Z6,3 bed,3 bath,condo
798000,1007W - 27 BATHURST ST, M5V 0R1,2 + 1 bed,2 bath,condo
1298888,310 - 205 MANNING AVE, M6J 0E2,2 bed,2 bath,condo
528000,5 Michael Power Pl Suite, M9A 0A3,1 bed,N/A bath,townhouse
489900,512 - 4978 YONGE ST, M2N 7G8,1 bed,1 bath,condo
669000,#PH14 -140 SIMCOE  ST, M5H 4E9,2 bed,1 bath,condo
524900,1203 - 330 MCCOWAN RD, M1J 3N3,2 + 1 bed,2 bath,condo
1590000,#LPH4106 -88 BLUE JAYS WAY, M5V 2G3,3 bed,2 bath,condo
1129000,7 WINGSTEM CRT, M3H 0C2,3 + 2 bed,4 bath,house
599999,903 - 90 PARK LAWN RD, M8Y 0B6,2 bed,1 bath,condo
595000,603 - 1 REAN DR, M2K 3C1,2 bed,2 bath,condo
1080000,1001 - 110 MARINE PARADE DR, M8V 0B6,2 + 1 bed,3 bath,condo
579900,2811 - 65 BREMNER BLVD, M5J 0A7,2 bed,1 bath,condo
1250000,4806 - 55 BREMNER BLVD, M5J 0A6,2 + 1 bed,2 bath,condo
1098888,507 - 662 SHEPPARD AVE E, M2K 3E6,2 bed,2 bath,condo
1067900,302 - 57 BROCK AVE, M6K 2L3,2 bed,2 bath,condo
868000,8 PRIVET RD, M3M 1C1,3 bed,2 bath,house
599900,1205 - 300 FRONT ST W, M5V 0E9,1 bed,1 bath,condo
2998000,9 BALDWIN ST, M5T 1L1,9 bed,3 bath,house
729000,4207 - 10 PARK LAWN RD, M8V 0H9,2 bed,2 bath,condo
799900,1201 - 35 HAYDEN ST, M4Y 3C3,2 bed,2 bath,condo
2700000,116 WEDGEWOOD DR, M2M 2H7,4 + 2 bed,5 bath,house
1899900,93 REGENT RD, M3K 1H2,7 bed,5 bath,house
4290000,#GPH22 -155 MERCHANTS' WHARF, ,2 bed,4 bath,condo
899900,135 GLENSHEPHARD DR, M1K 4N5,5 bed,2 bath,house
3690000,21 BABY POINT CRES, M6S 2B7,5 bed,4 bath,house
3198000,6 THORNBURY CRES, M9A 2M2,4 bed,3 bath,house
1879900,674 BATHURST ST, M5S 2R3,5 bed,2 bath,house
739000,3006 - 295 ADELAIDE ST W, M5V 0L4,2 bed,1 bath,condo
1029000,2019 - 230 QUEENS QUAY W, M5J 2Y7,2 bed,2 bath,condo
2800000,106 - 118 MERCHANTS WHARF, M5A 0L3,3 bed,3 bath,condo
1205000,1302 - 575 BLOOR ST E, M4X 1N5,3 bed,2 bath,condo
495000,603 - 101 ERSKINE AVE, M4P 0C5,0 bed,1 bath,condo
549900,88 Scott Street, M5E 0A9,0 bed,1 bath,condo
739999,612 - 60 BERWICK AVE, M5P 0A3,2 bed,1 bath,condo
721000,301 - 155 YORKVILLE AVE, M5R 0B4,1 + 1 bed,1 bath,condo
1425000,51 STEELES AVE E, M2M 3Y3,3 + 3 bed,4 bath,house
619900,3906 - 36 PARK LAWN RD, M8V 0E5,2 bed,1 bath,condo
698000,307 - 52 SUMACH ST, M5A 3J7,1 bed,1 bath,condo
5495000,192 DUNVEGAN RD, M5P 2P2,6 bed,7 bath,house
699800,3408 - 88 HARBOUR ST, M5J 0C3,1 bed,1 bath,condo
1200000,205 - 350 LONSDALE RD, M5P 1R6,3 bed,2 bath,condo
1678000,338 WILLOWDALE AVE, M2N 5A2,4 bed,3 bath,house
1795000,224 ISLAND RD, M1C 2P8,6 bed,5 bath,house
629000,1210 - 175 BAMBURGH CIR, M1W 3X8,3 bed,2 bath,condo
489000,1104 - 3091 DUFFERIN ST, M6A 0C4,1 bed,1 bath,condo
795000,302 - 1 SCOTT ST, M5E 1A1,2 bed,1 bath,condo
1198888,28 STUBBSWOOD SQ, M1S 2K6,6 bed,4 bath,house
632000,1802 - 260 SCARLETT RD, M6N 4X6,2 bed,1 bath,condo
459000,810 - 1 KING ST W, M5H 1A1,0 bed,1 bath,condo
489900,705 - 8 COLBORNE ST, M5E 1E1,1 bed,1 bath,condo
1398000,342 PATRICIA AVE, M2R 2M7,3 + 1 bed,2 bath,house
1148000,3 - 100 COXWELL AVE, M4L 0B5,2 bed,2 + 1 bath,condo
688000,1508 - 2350 BRIDLETOWNE CIR, M1W 3E6,3 bed,2 bath,condo
885000,41 SUFI CRES, M4A 2X3,4 bed,4 bath,townhouse
8998000,167 VALLEY RD, M2L 1G5,5 + 1 bed,9 bath,house
11888000,53 HIGHLAND CRES, M2L 1G7,6 bed,9 bath,house
2498000,1301 - 1166 BAY ST, M5S 2X8,2 bed,2 bath,condo
950000,27 HAYNES AVE, M3J 3P8,5 + 2 bed,7 bath,house
1059000,69 RIVERHEAD DR, M9W 4G3,3 + 2 bed,2 bath,house
2098800,300 HENDON AVE, M2M 1B2,4 bed,2 bath,house
525000,202 - 2 TEAGARDEN CRT, M2N 5Z9,2 bed,1 bath,condo
629900,1903 - 215 SHERWAY GARDENS RD, M9C 0A4,2 bed,2 bath,house
649900,1901 - 29 SINGER CRT, M2K 0B3,2 bed,1 bath,condo
1890000,64 A TREEVIEW DR, M8W 4C2,4 bed,5 bath,house
598000,310 - 61 RICHVIEW RD, M9A 4M8,2 + 1 bed,2 bath,condo
799000,319 APACHE TRAIL, M2H 2W6,3 + 1 bed,3 bath,house
959900,24 BLUE HAVEN CRES, M9M 1W5,4 bed,3 bath,house
528888,206 - 1461 LAWRENCE AVE W, M6L 1B2,2 bed,2 bath,condo
489000,503 - 38 DAN LECKIE WAY, M5V 2V6,1 bed,1 bath,condo
1799000,217 CEDRIC AVE, M6C 3X9,4 bed,5 bath,house
525000,406 - 2800 KEELE ST, M3M 0B8,1 bed,1 bath,condo
528000,1510 - 33 CHARLES ST E, M4Y 0A2,0 bed,1 bath,condo
1828000,440 Empress Ave, M2N 3V8,4 + 1 bed,5 bath,townhouse
4095000,300 HILLHURST BLVD, M6B 1N1,6 bed,7 bath,house
768000,1807 - 21 GRAND MAGAZINE ST, M5V 1B5,2 bed,2 bath,condo
1199900,517 - 90 SUMACH ST, M5A 4R4,1 bed,1 bath,condo
580000,808 - 8 WELLESLEY ST E, M4Y 3B2,1 bed,1 bath,condo
4598000,24 STRATH AVE, M8X 1P9,6 bed,6 bath,house
15000,44 SAINT JOSEPH ST, M4Y 2W4,N/A bed,N/A bath,house
630000,1803 - 30 HARRISON GARDEN BLVD, M2N 7A9,2 bed,2 bath,condo
1788000,120 VIRGINIA AVE, M4C 2T2,4 bed,5 bath,house
1119000,1703 - 88 CUMBERLAND ST, M5R 0C8,2 bed,2 bath,condo
564900,106 - 114 VAUGHAN RD, M6C 2M1,2 bed,1 bath,condo
2288888,1 SHADETREE CRES, M9C 1W9,4 + 1 bed,5 bath,house
539800,2112 - 1 KING ST W, M5H 1A1,2 bed,1 bath,condo
7995000,York Mills/ Bayview, M2L 1N6,0 bed,N/A bath,house
6980000,2 CARNWATH CRES, M2P 1J5,5 + 1 bed,9 bath,house
1338000,201 CHRISTIE ST, M6G 3B5,3 bed,2 bath,house
569900,1204 - 185 BONIS AVE, M1T 0A4,2 bed,2 bath,condo
2525000,99 ALLANHURST DR, M9A 4K3,4 + 1 bed,5 bath,house
2388000,503 - 77 CHARLES ST W, M5S 0B2,2 bed,2 bath,condo
524000,1006 - 215 SHERWAY GARDENS RD, M9C 0A4,1 bed,1 bath,condo
3128000,147 YORKVIEW DR, M2R 1K2,5 bed,7 bath,house
695000,103 - 70 ELMSTHORPE AVE, M5P 2L7,2 bed,2 bath,condo
2750000,20 DELORAINE AVE, M5M 2A7,4 bed,5 bath,house
749800,1901 - 255 BAMBURGH CIR, M1W 3T6,4 bed,3 bath,condo
649000,4208 - 75 QUEENS WHARF RD, M5V 0J8,1 bed,1 bath,condo
4988000,114 HAZELTON AVE, M5R 2E5,4 bed,4 bath,townhouse
978000,3411 - 16 HARBOUR ST, M5J 2Z7,2 bed,2 bath,condo
1750000,819 WILLOWDALE AVE, M2N 5B7,6 bed,4 bath,house
2598000,56 EDGECROFT RD, M8Z 2B8,7 bed,6 bath,house
699888,221 - 19 SINGER CRT, M2K 0B2,3 bed,2 bath,condo
624900,616 - 330 RICHMOND ST W, M5V 0M4,1 bed,1 bath,condo
674900,312 - 117 GERRARD ST E, M5B 2L4,2 bed,1 bath,condo
788000,138 - 120 HARRISON GARDEN BLVD, M2N 0H1,3 bed,2 bath,condo
285000,601 - 235 GRANDRAVINE DR, M3N 1J2,1 bed,1 bath,condo
3888000,90 UPPER CANADA DR, M2P 1S4,6 bed,9 bath,house
1168000,5809 - 100 HARBOUR ST, M5J 0B5,2 bed,1 bath,condo
539900,902 - 88 SCOTT ST, M5E 0A9,0 bed,1 bath,condo
799000,2310 - 55 BREMNER BLVD, M5J 0A6,2 bed,2 bath,condo
299990,612 - 4062 LAWRENCE AVE E, M1E 4V5,3 bed,2 bath,condo
2799000,916 MANNING AVE, M6G 2X4,5 bed,4 bath,house
2599000,17 - 20 BURKEBROOK PL, M4G 0A1,4 bed,4 bath,townhouse
849900,311 - 1 RIPLEY AVE, M6S 4Z6,2 bed,2 bath,condo
1499000,145 SHAFTESBURY ST, M3H 5M3,5 bed,3 bath,house
688888,5402 - 70 TEMPERANCE ST, M5H 0B1,1 bed,1 bath,condo
799000,607 - 5 KENNETH AVE, M2N 6M7,3 bed,2 bath,condo
1599000,2294 A LAKE SHORE BLVD W, M8V 1B4,6 bed,3 bath,house
6700000,15 KNIGHTSWOOD RD, M4N 2G9,5 bed,5 bath,house
745000,1110 - 90 PARK LAWN RD, M8Y 0B6,2 bed,2 bath,condo
679900,838 - 250 MANITOBA ST, M8Y 4G8,2 bed,2 bath,condo
899000,#LPH06 -7 LORRAINE DR, M2N 7H2,3 bed,2 bath,condo
1268000,39 BOWERBANK DR, M2M 1Z9,4 bed,2 bath,house
825700,1708 - 100 QUEBEC AVE, M6P 4B8,2 bed,2 bath,condo
1025990,21 - 16 DERVOCK CRES, M2K 1A7,2 bed,2 bath,townhouse
2799000,273 FINCH AVE W, M2R 1M8,3 + 5 bed,4 bath,house
1200000,4908 - 1 BLOOR ST E, M4W 0A8,2 bed,2 bath,condo
965000,77 WELLESWORTH DR, M9C 4R4,5 bed,2 bath,house
599900,1210 - 1420 DUPONT ST, M6H 0C2,2 bed,1 bath,condo
9500000,109 DONWOODS DR, M4N 2G7,5 + 1 bed,8 bath,house
2350000,111 GLENGARRY AVE, M5M 1E1,5 bed,4 bath,house
1849900,403 - 70 ELMSTHORPE AVE, M5P 2L7,4 bed,3 bath,condo
1999999,534 - 536 ROGERS RD, M6M 1B5,9 bed,9 bath,house
699000,408 - 260 SENECA HILL DR, M2J 4S6,2 bed,1 bath,condo
678800,19 - 19 SINGER CRT, M2K 0B2,2 bed,2 bath,condo
408000,1802 - 1 KING ST W, M5H 1A1,0 bed,1 bath,condo
3500000,30 CHIPPING RD, M3B 1L1,7 bed,7 bath,house
888000,2757 ST CLAIR AVE E, M4B 1M8,5 bed,2 bath,house
1190000,1706 - 8 CHARLOTTE ST, M5V 0K4,2 + 1 bed,2 bath,condo
519000,506 - 2285 LAKE SHORE BLVD W, M8V 3X9,1 + 1 bed,1 bath,condo
7588000,47 OLD COLONY RD, M2L 2J9,6 + 1 bed,8 bath,house
639000,809 - 15 BRUNEL CRT, M5V 3Y6,1 + 1 bed,1 bath,condo
3100000,7 - 65 HARBOUR SQ, M5J 2L4,5 bed,4 bath,condo
4298000,39 STRATHEDEN RD, M4N 1E5,5 bed,3 + 1 bath,house
269000,1007 - 3 MARINE PARADE DR, M8V 3Z5,1 bed,1 bath,condo
628800,1101 - 55 REGENT PARK BLVD, M5A 0C2,2 bed,1 bath,condo
819800,207 - 2 ANNDALE DR, M2N 0G5,2 bed,2 bath,condo
738000,4004 - 8 THE ESPLANADE, M5E 0A6,1 + 1 bed,1 bath,condo
1299900,449 QUEENS DR, M6L 1M7,4 bed,4 bath,house
859900,56 GLENSHEPHARD DR, M1K 4N3,3 + 2 bed,3 bath,house
598000,1517 - 460 ADELAIDE ST E, M5A 0E7,1 bed,1 bath,condo
1199000,29 PRINCEMERE CRES, M1R 3W8,3 + 1 bed,4 bath,house
2180000,#LPH4105 -88 BLUE JAYS WAY, M5V 2G3,2 bed,3 bath,condo
699900,4003 - 75 QUEENS WHARF RD, M5V 0J8,2 bed,1 bath,condo
578800,209 - 231 FORT YORK BLVD, M5V 1B2,1 bed,1 bath,condo
1448888,251 LA ROSE AVE, M9P 1G6,4 bed,3 bath,house
518000,702 - 2088 LAWRENCE AVE W, M9N 3Z9,3 bed,2 bath,condo
628800,912 - 633 BAY ST, M5G 2G4,1 bed,1 bath,condo
384900,214 - 50 LOTHERTON PTWAY, M6B 2G7,4 bed,1 bath,condo
2480000,41 FOURSOME CRES, M2P 1W1,3 + 1 bed,4 bath,house
629900,323 - 111 BATHURST ST, M5V 0M9,1 bed,1 bath,condo
1980000,6 DENMARK CRES, M2R 1J4,5 bed,4 bath,house
615000,201 - 295 ADELAIDE ST W, M5V 0L4,1 bed,1 bath,condo
838000,301 TIMBERBANK BLVD, M1W 2G9,7 bed,3 bath,house
625000,1607 - 255 BAMBURGH CIR, M1W 3T6,3 bed,2 bath,condo
415000,1021 - 1 LEILA LANE, M6A 2M7,1 bed,1 bath,condo
2000000,623 GLENCAIRN AVE, M6B 1Z6,4 bed,4 bath,house
849900,422 - 2 OLD MILL DR, M6S 0A2,1 + 1 bed,2 bath,condo
896000,711 - 300 FRONT ST W, M5V 0E9,2 bed,2 bath,condo
599900,4111 - 65 BREMNER BLVD, M5J 0A7,2 bed,1 bath,condo
719900,724 - 231 FORT YORK BLVD, M5V 1B2,2 bed,2 bath,condo
1679000,161 NEWTON DR, M2M 2N6,4 bed,2 bath,house
3490000,29 DEWBOURNE AVE, M5P 1Z6,7 bed,5 bath,house
2598000,59 EDEN VALLEY DR, M9A 4Z5,4 bed,5 bath,house
799000,2101 - 21 BALMUTO ST, M4Y 1W4,2 bed,2 bath,condo
1549000,6009 - 1 BLOOR ST E, M4W 0A8,2 bed,2 bath,condo
628000,1105 - 19 SINGER CRT, M2K 0B2,2 bed,1 bath,condo
863000,38 CORDELLA AVE, M6N 2J6,4 bed,2 bath,house
734999,920 - 35 ORMSKIRK AVE, M6S 1A8,3 bed,1 bath,condo
324900,203 - 235 GRANDRAVINE DR, M3N 1J2,2 bed,1 bath,condo
549900,102 - 1350 KINGSTON RD, M1N 0B7,2 bed,1 bath,condo
1688000,181 RIDGEWOOD RD, M1C 2X3,5 bed,4 bath,house
1249000,60 CEDARVALE AVE, M4C 4J4,4 bed,4 bath,house
1999000,11 VALENTINE DR, M3A 3J5,3 + 3 bed,3 bath,house
659990,808 - 62 FOREST MANOR RD, M2J 0B6,2 bed,1 bath,condo
1350000,2131 DUFFERIN ST, M6E 3R3,7 bed,5 bath,house
659900,1109 - 3237 BAYVIEW AVE, M2K 0G1,2 bed,2 bath,condo
1065000,202 - 485 LOGAN AVE, M4M 2P5,3 bed,2 bath,condo
11500000,120 FOREST HILL RD, M4V 2L9,5 bed,8 bath,house
1380000,5006 - 50 CHARLES ST W, M4Y 1R7,3 bed,2 bath,condo
3188000,64 MADAWASKA AVE, M2M 2R3,5 bed,6 bath,house
1250000,62 CROFT ST, M5S 2N9,N/A bed,N/A bath,house
698000,1410 - 18 HOLMES AVE, M2N 0E1,2 bed,2 bath,condo
1399000,423 - 30 NELSON ST, M5V 0H5,3 bed,2 bath,condo
689000,1619 - 1001 BAY ST, M5S 3A6,2 bed,1 bath,condo
698000,505 - 33 BAY ST, M5J 2Z3,2 bed,1 bath,condo
2290000,343 O'CONNOR DR, M4J 2V4,5 bed,3 bath,house
950000,1512 - 330 RICHMOND ST W, M5V 0M4,2 bed,2 bath,condo
768888,1516 - 711 BAY ST, M5G 2J8,3 bed,1 bath,condo
738000,3809 - 88 HARBOUR ST, M5J 0C3,1 bed,1 bath,condo
1300000,1402 - 480 FRONT ST W, M5V 0K5,2 bed,2 bath,condo
618000,605 - 56 FOREST MANOR RD, M2J 0E5,2 bed,2 bath,condo
598000,1606 - 426 UNIVERSITY AVE, M5G 1S9,1 bed,1 bath,condo
565000,501 - 33 SINGER CRT, M2K 0B4,2 bed,1 bath,condo
2100000,129 SYLVAN AVE, M1M 1J9,3 + 2 bed,4 bath,house
1198000,109 FAWNDALE CRES, M1W 2X3,4 bed,3 bath,house
1555141,501 - 3 SOUTHVALE DR, M4G 1G1,3 bed,3 bath,condo
898000,3609 - 295 ADELAIDE ST W, M5V 0L4,2 bed,2 bath,condo
1560000,40 HARWOOD RD, M4S 2P3,3 bed,1 bath,house
650000,623 - 1881 MCNICOLL AVE, M1V 5M2,4 bed,3 bath,townhouse
950000,202 RICHARD CLARK DR, M3M 1V8,2 bed,2 bath,house
589000,703 - 12 YORK ST, M5J 0A9,2 bed,1 bath,condo
744900,207 - 151 DAN LECKIE WAY, M5V 4B2,1 + 1 bed,2 bath,condo
585900,715 - 1700 EGLINTON AVE E, M4A 2X4,2 bed,2 bath,condo
888000,907 - 20 BLUE JAYS WAY, M5V 3W6,3 bed,2 bath,condo
1068000,3005 - 8 PARK RD, M4W 3S5,2 bed,2 bath,condo
4998000,85 DREWRY AVE, M2M 1C9,1 + 1 bed,1 bath,house
2988000,4 SHAND AVE, M8X 1T5,4 + 2 bed,5 bath,house
1588888,1968 DUFFERIN ST, M6E 3P7,6 + 1 bed,3 bath,house
1687141,702 - 3 SOUTHVALE DR, M4G 1G1,3 bed,2 bath,condo
1420000,1015 - 480 FRONT ST W, M5V 0K5,2 bed,2 bath,condo
1098000,3502 - 2191 YONGE ST, M4S 3H8,3 bed,2 bath,condo
889000,49 GALLOWAY RD, M1E 1W6,3 + 1 bed,2 bath,house
995000,1603E - 576 FRONT ST W, M5V 0P8,2 bed,2 bath,condo
1158000,303 - 2545 BLOOR ST W, M6S 1S1,2 bed,2 bath,condo
549900,40 - 26 FIELDWAY RD, M8Z 0E3,1 bed,1 bath,townhouse
629000,707 - 1105 LESLIE ST, M3C 4G9,2 bed,2 bath,condo
729900,206 - 330 RICHMOND ST W, M5V 0M4,1 bed,1 bath,condo
2340000,342 MAPLEHURST AVE, M2N 3C6,5 bed,3 bath,house
1889000,#LPH4103 -88 BLUE JAYS WAY, M5V 0L7,2 bed,3 bath,condo
969000,6 MONACO CRT, M3N 1R8,5 bed,3 bath,house
4895000,29 KING GEORGES RD, M8X 1K9,6 bed,5 bath,house
789900,409 - 88 CUMBERLAND ST, M5R 0C8,1 bed,1 bath,condo
948000,81 CRIMSON MILLWAY, M2L 1T8,3 bed,3 bath,townhouse
1168000,3707 - 50 CHARLES ST E, M4Y 0C3,3 bed,2 bath,condo
5580000,12 TETBURY CRES, M3A 3G3,5 bed,5 bath,house
1699900,69 ELMCREST RD, M9C 3R7,6 bed,4 bath,house
1688000,202 - 251 QUEENS QUAY W, M5J 2N6,2 bed,2 bath,condo
1488000,96 RAJAH ST, M6A 2J3,7 bed,3 bath,house
1199888,3311 - 300 FRONT ST W, M5V 0E9,2 bed,2 bath,condo
972000,702 - 1 BEDFORD RD, M5R 2B5,1 bed,1 bath,condo
949990,648 BRIMLEY RD, M1J 1B9,3 + 3 bed,2 bath,house
1795000,6 MAYFIELD AVE, M6S 1K3,3 bed,2 bath,house
1799000,14 - 850 RICHMOND ST W, M6J 1C9,3 bed,3 bath,townhouse
599999,6808 - 100 HARBOUR ST, M5J 0B5,0 bed,1 bath,condo
5669000,70 WEYBOURNE CRES, M4N 2R7,5 bed,6 bath,house
1668000,186 FINCH AVE E, M2N 4R9,3 + 2 bed,2 bath,house
2350000,808 - 181 DAVENPORT RD, M5R 0C4,2 bed,3 bath,condo
1518000,3210 - 10 YORK ST, M5J 0E1,3 bed,3 bath,condo
899000,310 - 260 HEATH ST W, M5P 3L6,2 bed,2 bath,condo
625000,1602 - 460 ADELAIDE ST E, M5A 0E7,1 + 1 bed,1 bath,condo
3250000,2602 - 55 SCOLLARD ST, M5R 0A1,3 bed,2 bath,condo
2650000,3 - 80 JOHN ST, M5V 3X4,2 + 1 bed,2 bath,condo
799000,1305 - 159 DUNDAS ST E, M5B 0A9,2 bed,2 bath,condo
